t1,ch1,t2,ch2
-3.75,2.918977394104004,-3.749999875,0.018759727478027344
-3.745,2.5010922622680667,-3.744999875,0.008754539489746095
-3.74,2.6652614212036134,-3.739999875,0.008754539489746095
-3.735,2.9935997390747073,-3.7349998749999997,0.003751945495605469
-3.73,2.6702362442016603,-3.729999875,0.01375713348388672
-3.725,2.565764961242676,-3.724999875,0.008754539489746095
-3.72,3.003549385070801,-3.719999875,0.003751945495605469
-3.715,2.8941032791137697,-3.7149998749999997,0.008754539489746095
-3.71,2.5856642532348637,-3.709999875,0.003751945495605469
-3.705,2.97370044708252,-3.704999875,0.008754539489746095
-3.7,3.117970314025879,-3.699999875,0.008754539489746095
-3.6950000000000003,2.724959297180176,-3.694999875,0.003751945495605469
-3.69,2.8941032791137697,-3.689999875,0.01375713348388672
-3.685,3.207517127990723,-3.684999875,0.003751945495605469
-3.68,2.884153633117676,-3.679999875,0.008754539489746095
-3.6750000000000003,2.7747075271606447,-3.674999875,0.003751945495605469
-3.67,3.1876178359985357,-3.669999875,0.003751945495605469
-3.665,3.0731969070434575,-3.664999875,0.003751945495605469
-3.66,2.7747075271606447,-3.659999875,0.008754539489746095
-3.6550000000000002,3.1478192520141604,-3.654999875,0.008754539489746095
-3.65,3.2721898269653322,-3.649999875,-0.0012506484985351563
-3.645,2.8742039871215823,-3.644999875,0.01375713348388672
-3.64,3.038373146057129,-3.639999875,0.008754539489746095
-3.6350000000000002,3.3468121719360355,-3.634999875,0.003751945495605469
-3.63,3.0184738540649416,-3.6299998749999998,0.008754539489746095
-3.625,2.9090277481079103,-3.624999875,-0.0012506484985351563
-3.62,3.331887702941895,-3.619999875,0.008754539489746095
-3.615,3.2224415969848637,-3.614999875,0.003751945495605469
-3.61,2.918977394104004,-3.6099998749999997,0.003751945495605469
-3.605,3.2970639419555665,-3.604999875,0.01375713348388672
-3.6,3.4313841629028325,-3.599999875,0.01375713348388672
-3.595,3.008524208068848,-3.594999875,0.008754539489746095
-3.59,3.1478192520141604,-3.5899998749999997,0.01375713348388672
-3.585,3.4214345169067384,-3.584999875,0.008754539489746095
-3.58,2.9935997390747073,-3.579999875,0.01375713348388672
-3.575,2.7846571731567384,-3.574999875,0.003751945495605469
-3.5700000000000003,3.0582724380493165,-3.569999875,0.003751945495605469
-3.565,2.7747075271606447,-3.564999875,0.003751945495605469
-3.56,2.2722504043579104,-3.559999875,0.01375713348388672
-3.555,2.4314447402954102,-3.554999875,0.003751945495605469
-3.5500000000000003,2.3468727493286137,-3.549999875,0.003751945495605469
-3.545,1.7100954055786135,-3.544999875,-0.006253242492675781
-3.54,1.6354730606079102,-3.539999875,0.008754539489746095
-3.535,1.7349695205688478,-3.534999875,0.01375713348388672
-3.5300000000000002,1.167839698791504,-3.529999875,0.01375713348388672
-3.525,0.8643754959106447,-3.524999875,0.008754539489746095
-3.52,1.083267707824707,-3.519999875,0.003751945495605469
-3.515,0.7648790359497071,-3.514999875,-0.0012506484985351563
-3.5100000000000002,0.32211978912353517,-3.509999875,0.003751945495605469
-3.505,0.5360371780395509,-3.5049998749999998,0.008754539489746095
-3.5,0.526087532043457,-3.499999875,0.01375713348388672
-3.495,0.1579506301879883,-3.494999875,0.003751945495605469
-3.49,0.1579506301879883,-3.489999875,0.003751945495605469
-3.485,0.3270946121215821,-3.4849998749999997,-0.0012506484985351563
-3.48,0.15297580718994142,-3.479999875,-0.0012506484985351563
-3.475,0.14800098419189456,-3.474999875,0.003751945495605469
-3.47,0.20769886016845704,-3.469999875,0.018759727478027344
-3.465,0.14302616119384767,-3.4649998749999997,0.003751945495605469
-3.46,0.14800098419189456,-3.459999875,0.003751945495605469
-3.455,0.18282474517822267,-3.454999875,0.003751945495605469
-3.45,0.33206943511962894,-3.449999875,0.003751945495605469
-3.4450000000000003,0.1579506301879883,-3.444999875,0.003751945495605469
-3.44,0.1927743911743164,-3.439999875,0.008754539489746095
-3.435,0.5459868240356446,-3.434999875,0.008754539489746095
-3.43,0.26242191314697266,-3.429999875,0.003751945495605469
-3.4250000000000003,0.22262332916259767,-3.424999875,0.008754539489746095
-3.42,0.690256690979004,-3.419999875,0.008754539489746095
-3.415,0.6504581069946289,-3.414999875,0.008754539489746095
-3.41,0.41166660308837894,-3.409999875,0.008754539489746095
-3.4050000000000002,0.8643754959106447,-3.404999875,0.01375713348388672
-3.4,1.0683432388305665,-3.399999875,0.003751945495605469
-3.395,0.7400049209594727,-3.394999875,0.01375713348388672
-3.39,0.9887460708618165,-3.389999875,0.003751945495605469
-3.3850000000000002,1.3568829727172853,-3.384999875,-0.0012506484985351563
-3.38,1.1131166458129884,-3.3799998749999998,0.008754539489746095
-3.375,1.083267707824707,-3.374999875,-0.0012506484985351563
-3.37,1.5708003616333008,-3.369999875,-0.0012506484985351563
-3.365,1.531001777648926,-3.364999875,0.008754539489746095
-3.36,1.3170843887329102,-3.3599998749999997,0.008754539489746095
-3.355,1.7548688125610352,-3.354999875,0.008754539489746095
-3.35,1.963811378479004,-3.349999875,0.008754539489746095
-3.345,1.6205485916137696,-3.344999875,0.003751945495605469
-3.34,1.8742645645141602,-3.3399998749999997,0.008754539489746095
-3.335,2.247376289367676,-3.334999875,0.003751945495605469
-3.33,1.968786201477051,-3.329999875,0.003751945495605469
-3.325,1.9389372634887696,-3.324999875,0.003751945495605469
-3.3200000000000003,2.401595802307129,-3.319999875,0.003751945495605469
-3.315,2.326973457336426,-3.314999875,0.01375713348388672
-3.31,2.0533581924438478,-3.309999875,0.003751945495605469
-3.305,2.456318855285645,-3.304999875,0.008754539489746095
-3.3000000000000003,2.605563545227051,-3.299999875,0.008754539489746095
-3.295,2.2374266433715824,-3.294999875,0.01375713348388672
-3.29,2.411545448303223,-3.289999875,0.003751945495605469
-3.285,2.7448585891723636,-3.284999875,0.01375713348388672
-3.2800000000000002,2.3866713333129885,-3.279999875,0.008754539489746095
-3.275,2.287174873352051,-3.274999875,0.008754539489746095
-3.27,2.7050600051879887,-3.269999875,0.01375713348388672
-3.265,2.555815315246582,-3.264999875,0.008754539489746095
-3.2600000000000002,2.2424014663696292,-3.259999875,0.003751945495605469
-3.255,2.6005887222290043,-3.2549998749999998,-0.0012506484985351563
-3.25,2.724959297180176,-3.249999875,0.008754539489746095
-3.245,2.2971245193481447,-3.244999875,0.008754539489746095
-3.24,2.456318855285645,-3.239999875,0.01375713348388672
-3.235,2.769732704162598,-3.2349998749999997,0.003751945495605469
-3.23,2.406570625305176,-3.229999875,0.008754539489746095
-3.225,2.3070741653442384,-3.224999875,0.008754539489746095
-3.22,2.7398837661743167,-3.219999875,0.008754539489746095
-3.215,2.5956138992309574,-3.2149998749999997,-0.0012506484985351563
-3.21,2.3020993423461915,-3.209999875,0.008754539489746095
-3.205,2.7050600051879887,-3.204999875,0.008754539489746095
-3.2,2.8393802261352543,-3.199999875,0.003751945495605469
-3.1950000000000003,2.446369209289551,-3.194999875,0.003751945495605469
-3.19,2.6354124832153323,-3.189999875,0.008754539489746095
-3.185,2.963750801086426,-3.184999875,-0.0012506484985351563
-3.18,2.6254628372192386,-3.179999875,0.003751945495605469
-3.1750000000000003,2.565764961242676,-3.174999875,0.008754539489746095
-3.17,2.998574562072754,-3.169999875,-0.0012506484985351563
-3.165,2.9040529251098635,-3.164999875,0.008754539489746095
-3.16,2.605563545227051,-3.159999875,0.008754539489746095
-3.1550000000000002,3.0134990310668948,-3.154999875,0.018759727478027344
-3.15,3.1478192520141604,-3.149999875,-0.0012506484985351563
-3.145,2.7796823501586916,-3.144999875,0.008754539489746095
-3.14,2.97370044708252,-3.139999875,-0.0012506484985351563
-3.1350000000000002,3.2970639419555665,-3.134999875,0.003751945495605469
-3.13,2.97370044708252,-3.1299998749999998,-0.006253242492675781
-3.125,2.9090277481079103,-3.124999875,-0.0012506484985351563
-3.12,3.3468121719360355,-3.119999875,0.003751945495605469
-3.115,3.2323912429809574,-3.114999875,-0.0012506484985351563
-3.11,2.968725624084473,-3.1099998749999997,0.008754539489746095
-3.105,3.3567618179321292,-3.104999875,-0.006253242492675781
-3.1,3.5109813308715823,-3.099999875,0.01375713348388672
-3.095,3.127919960021973,-3.094999875,0.003751945495605469
-3.09,3.3219380569458012,-3.0899998749999997,0.008754539489746095
-3.085,3.6552511978149416,-3.084999875,-0.006253242492675781
-3.08,3.3418373489379887,-3.079999875,0.008754539489746095
-3.075,3.277164649963379,-3.074999875,-0.0012506484985351563
-3.0700000000000003,3.719923896789551,-3.069999875,0.003751945495605469
-3.065,3.6154526138305667,-3.064999875,0.008754539489746095
-3.06,3.3418373489379887,-3.059999875,0.008754539489746095
-3.055,3.7447980117797854,-3.054999875,0.003751945495605469
-3.0500000000000003,3.8691685867309573,-3.049999875,0.008754539489746095
-3.045,3.5010316848754885,-3.044999875,0.008754539489746095
-3.04,3.7000246047973637,-3.039999875,0.003751945495605469
-3.035,4.02338809967041,-3.034999875,0.008754539489746095
-3.0300000000000002,3.695049781799317,-3.029999875,0.01375713348388672
-3.025,3.61047779083252,-3.024999875,0.003751945495605469
-3.02,4.028362922668458,-3.019999875,-0.0012506484985351563
-3.015,3.9139419937133795,-3.014999875,0.01375713348388672
-3.0100000000000002,3.6303770828247073,-3.009999875,0.003751945495605469
-3.005,4.00846363067627,-3.0049998749999998,0.01375713348388672
-3.0,4.122884559631348,-2.999999875,0.008754539489746095
-2.995,3.7447980117797854,-2.994999875,0.01375713348388672
-2.99,3.9139419937133795,-2.989999875,0.003751945495605469
-2.985,4.2223810195922855,-2.9849998749999997,0.003751945495605469
-2.98,3.884093055725098,-2.979999875,0.003751945495605469
-2.975,3.809470710754395,-2.974999875,0.01375713348388672
-2.97,4.2074565505981445,-2.969999875,0.003751945495605469
-2.965,4.073136329650879,-2.9649998749999997,0.003751945495605469
-2.96,3.7845965957641603,-2.959999875,0.01375713348388672
-2.955,4.127859382629395,-2.954999875,0.008754539489746095
-2.95,4.197506904602051,-2.949999875,0.003751945495605469
-2.945,3.7398231887817386,-2.9449998749999997,0.01375713348388672
-2.94,3.8343448257446293,-2.939999875,0.003751945495605469
-2.935,4.003488807678223,-2.934999875,0.003751945495605469
-2.93,3.5109813308715823,-2.929999875,0.008754539489746095
-2.9250000000000003,3.242340888977051,-2.924999875,-0.0012506484985351563
-2.92,3.4662079238891605,-2.919999875,0.003751945495605469
-2.915,3.1080206680297855,-2.914999875,0.01375713348388672
-2.91,2.580689430236817,-2.909999875,0.003751945495605469
-2.9050000000000002,2.7448585891723636,-2.904999875,0.003751945495605469
-2.9,2.650336952209473,-2.899999875,0.01375713348388672
-2.895,2.038433723449707,-2.894999875,0.008754539489746095
-2.89,2.0284840774536135,-2.889999875,0.008754539489746095
-2.8850000000000002,2.137930183410645,-2.884999875,-0.0012506484985351563
-2.88,1.605624122619629,-2.8799998749999998,0.003751945495605469
-2.875,1.3767822647094727,-2.874999875,0.003751945495605469
-2.87,1.6304982376098633,-2.869999875,0.003751945495605469
-2.865,1.3817570877075196,-2.864999875,0.008754539489746095
-2.86,0.9837712478637696,-2.8599998749999997,0.008754539489746095
-2.855,1.2723109817504883,-2.854999875,0.008754539489746095
-2.85,1.3121095657348634,-2.849999875,0.003751945495605469
-2.845,0.8743251419067384,-2.844999875,0.003751945495605469
-2.84,1.0335194778442385,-2.8399998749999997,0.008754539489746095
-2.835,1.3071347427368165,-2.834999875,0.003751945495605469
-2.83,0.9638719558715821,-2.829999875,-0.006253242492675781
-2.825,0.9041740798950196,-2.824999875,-0.0012506484985351563
-2.82,1.322059211730957,-2.8199998749999997,0.003751945495605469
-2.815,1.2225627517700197,-2.814999875,0.003751945495605469
-2.81,0.9638719558715821,-2.809999875,0.003751945495605469
-2.805,1.3917067337036133,-2.804999875,0.018759727478027344
-2.8000000000000003,1.5359766006469728,-2.799999875,0.003751945495605469
-2.795,1.207638282775879,-2.794999875,0.003751945495605469
-2.79,1.456379432678223,-2.789999875,0.008754539489746095
-2.785,1.8294911575317385,-2.784999875,-0.0012506484985351563
-2.7800000000000002,1.5409514236450197,-2.779999875,-0.0012506484985351563
-2.775,1.531001777648926,-2.774999875,0.01375713348388672
-2.77,1.9886854934692384,-2.769999875,-0.0012506484985351563
-2.765,1.9041135025024416,-2.764999875,0.008754539489746095
-2.7600000000000002,1.6702968215942384,-2.759999875,0.008754539489746095
-2.755,2.093156776428223,-2.7549998749999998,0.003751945495605469
-2.75,2.2672755813598635,-2.749999875,0.003751945495605469
-2.745,1.9190379714965822,-2.744999875,0.003751945495605469
-2.74,2.1478798294067385,-2.739999875,-0.0012506484985351563
-2.735,2.49611743927002,-2.7349998749999997,0.003751945495605469
-2.73,2.202602882385254,-2.729999875,0.008754539489746095
-2.725,2.1876784133911134,-2.724999875,0.003751945495605469
-2.72,2.6254628372192386,-2.719999875,-0.0012506484985351563
-2.715,2.530941200256348,-2.7149998749999997,0.01375713348388672
-2.71,2.292149696350098,-2.709999875,0.008754539489746095
-2.705,2.724959297180176,-2.704999875,0.008754539489746095
-2.7,2.879178810119629,-2.699999875,0.01375713348388672
-2.695,2.5110419082641604,-2.6949998749999997,0.003751945495605469
-2.69,2.759783058166504,-2.689999875,0.003751945495605469
-2.685,3.093096199035645,-2.684999875,0.008754539489746095
-2.68,2.769732704162598,-2.679999875,0.008754539489746095
-2.6750000000000003,2.7199844741821293,-2.674999875,0.01375713348388672
-2.67,3.122945137023926,-2.669999875,-0.0012506484985351563
-2.665,2.9935997390747073,-2.664999875,0.01375713348388672
-2.66,2.7050600051879887,-2.659999875,0.008754539489746095
-2.6550000000000002,3.0731969070434575,-2.654999875,0.01375713348388672
-2.65,3.1776681900024415,-2.649999875,0.01375713348388672
-2.645,2.764757881164551,-2.644999875,0.003751945495605469
-2.64,2.923952217102051,-2.639999875,0.008754539489746095
-2.6350000000000002,3.1925926589965825,-2.634999875,0.008754539489746095
-2.63,2.8194809341430664,-2.6299998749999998,0.01375713348388672
-2.625,2.6951103591918946,-2.624999875,0.003751945495605469
-2.62,3.0532976150512696,-2.619999875,0.003751945495605469
-2.615,2.8742039871215823,-2.614999875,0.003751945495605469
-2.61,2.5160167312622073,-2.6099998749999997,-0.0012506484985351563
-2.605,2.8692291641235355,-2.604999875,0.003751945495605469
-2.6,2.9388766860961915,-2.599999875,-0.0012506484985351563
-2.595,2.5010922622680667,-2.594999875,0.008754539489746095
-2.59,2.6652614212036134,-2.5899998749999997,0.008754539489746095
-2.585,2.9339018630981446,-2.584999875,0.003751945495605469
-2.58,2.5508404922485353,-2.579999875,0.003751945495605469
-2.575,2.4712433242797855,-2.574999875,0.008754539489746095
-2.57,2.8642543411254886,-2.5699998749999997,0.008754539489746095
-2.565,2.700085182189942,-2.564999875,0.003751945495605469
-2.56,2.3866713333129885,-2.559999875,-0.0012506484985351563
-2.555,2.7846571731567384,-2.554999875,0.01375713348388672
-2.5500000000000003,2.889128456115723,-2.549999875,0.003751945495605469
-2.545,2.4712433242797855,-2.544999875,0.008754539489746095
-2.54,2.700085182189942,-2.539999875,0.008754539489746095
-2.535,3.003549385070801,-2.534999875,0.003751945495605469
-2.5300000000000002,2.6354124832153323,-2.529999875,0.003751945495605469
-2.525,2.580689430236817,-2.524999875,0.003751945495605469
-2.52,3.008524208068848,-2.519999875,0.01375713348388672
-2.515,2.8742039871215823,-2.514999875,0.003751945495605469
-2.5100000000000002,2.5856642532348637,-2.509999875,0.008754539489746095
-2.505,2.9935997390747073,-2.5049998749999998,0.008754539489746095
-2.5,3.117970314025879,-2.499999875,-0.0012506484985351563
-2.495,2.7548082351684573,-2.494999875,-0.0012506484985351563
-2.49,2.963750801086426,-2.489999875,0.008754539489746095
-2.485,3.2721898269653322,-2.4849998749999997,0.003751945495605469
-2.48,2.9488263320922856,-2.479999875,0.008754539489746095
-2.475,2.8941032791137697,-2.474999875,0.008754539489746095
-2.47,3.331887702941895,-2.469999875,0.008754539489746095
-2.465,3.1876178359985357,-2.4649998749999997,0.008754539489746095
-2.46,2.914002571105957,-2.459999875,0.008754539489746095
-2.455,3.3169632339477544,-2.454999875,0.008754539489746095
-2.45,3.4413338088989263,-2.449999875,-0.0012506484985351563
-2.445,3.063247261047364,-2.4449998749999997,0.008754539489746095
-2.44,3.2672150039672854,-2.439999875,0.003751945495605469
-2.435,3.5856036758422856,-2.434999875,0.003751945495605469
-2.43,3.242340888977051,-2.429999875,0.01375713348388672
-2.4250000000000003,3.1826430130004884,-2.424999875,0.003751945495605469
-2.42,3.5905784988403324,-2.419999875,0.003751945495605469
-2.415,3.45128345489502,-2.414999875,0.003751945495605469
-2.41,3.152794075012207,-2.409999875,0.003751945495605469
-2.4050000000000002,3.5557547378540044,-2.404999875,0.008754539489746095
-2.4,3.6502763748168947,-2.399999875,0.003751945495605469
-2.395,3.247315711975098,-2.394999875,0.003751945495605469
-2.39,3.45128345489502,-2.389999875,0.008754539489746095
-2.3850000000000002,3.7398231887817386,-2.384999875,0.01375713348388672
-2.38,3.366711463928223,-2.3799998749999998,0.008754539489746095
-2.375,3.282139472961426,-2.374999875,0.003751945495605469
-2.37,3.6801253128051763,-2.369999875,0.008754539489746095
-2.365,3.520930976867676,-2.364999875,0.008754539489746095
-2.36,3.217466773986817,-2.3599998749999997,0.008754539489746095
-2.355,3.600528144836426,-2.354999875,0.003751945495605469
-2.35,3.7000246047973637,-2.349999875,0.01375713348388672
-2.345,3.2970639419555665,-2.344999875,0.008754539489746095
-2.34,3.5060065078735354,-2.3399998749999997,0.003751945495605469
-2.335,3.804495887756348,-2.334999875,0.01375713348388672
-2.33,3.4264093399047852,-2.329999875,0.01375713348388672
-2.325,3.3567618179321292,-2.324999875,0.008754539489746095
-2.32,3.729873542785645,-2.3199998749999997,0.003751945495605469
-2.315,3.525905799865723,-2.314999875,0.01375713348388672
-2.31,3.162743721008301,-2.309999875,-0.0012506484985351563
-2.305,3.4761575698852543,-2.304999875,0.003751945495605469
-2.3000000000000003,3.456258277893067,-2.299999875,0.003751945495605469
-2.295,2.923952217102051,-2.294999875,-0.0012506484985351563
-2.29,2.9587759780883793,-2.289999875,0.01375713348388672
-2.285,3.063247261047364,-2.284999875,0.008754539489746095
-2.2800000000000002,2.520991554260254,-2.279999875,0.008754539489746095
-2.275,2.252351112365723,-2.274999875,-0.006253242492675781
-2.27,2.461293678283692,-2.269999875,0.003751945495605469
-2.265,2.1130560684204105,-2.264999875,0.003751945495605469
-2.2600000000000002,1.6404478836059573,-2.259999875,0.008754539489746095
-2.255,1.8543652725219728,-2.2549998749999998,0.003751945495605469
-2.25,1.7747681045532229,-2.249999875,0.003751945495605469
-2.245,1.2275375747680666,-2.244999875,0.003751945495605469
-2.24,1.2673361587524414,-2.239999875,-0.0012506484985351563
-2.235,1.4265304946899415,-2.2349998749999997,0.003751945495605469
-2.23,0.9738216018676759,-2.229999875,0.003751945495605469
-2.225,0.8245769119262696,-2.224999875,-0.0012506484985351563
-2.22,1.1529152297973635,-2.219999875,0.008754539489746095
-2.215,0.9489474868774415,-2.2149998749999997,0.008754539489746095
-2.21,0.6206091690063477,-2.209999875,0.01375713348388672
-2.205,0.9937208938598634,-2.204999875,0.01375713348388672
-2.2,1.0733180618286133,-2.199999875,0.008754539489746095
-2.195,0.6852818679809571,-2.1949998749999997,0.008754539489746095
-2.19,0.9041740798950196,-2.189999875,0.003751945495605469
-2.185,1.2175879287719729,-2.184999875,0.008754539489746095
-2.18,0.9041740798950196,-2.179999875,0.01375713348388672
-2.1750000000000003,0.8792999649047852,-2.174999875,0.003751945495605469
-2.17,1.327034034729004,-2.169999875,-0.0012506484985351563
-2.165,1.2275375747680666,-2.164999875,-0.0012506484985351563
-2.16,1.0136201858520508,-2.159999875,0.01375713348388672
-2.1550000000000002,1.456379432678223,-2.154999875,0.003751945495605469
-2.15,1.6155737686157228,-2.149999875,0.01375713348388672
-2.145,1.2772858047485354,-2.144999875,0.003751945495605469
-2.14,1.5409514236450197,-2.139999875,0.008754539489746095
-2.1350000000000002,1.8991386795043947,-2.134999875,0.003751945495605469
-2.13,1.6006492996215822,-2.1299998749999998,-0.0012506484985351563
-2.125,1.5956744766235353,-2.124999875,0.008754539489746095
-2.12,2.0682826614379883,-2.119999875,0.003751945495605469
-2.115,1.9737610244750978,-2.114999875,0.003751945495605469
-2.11,1.7598436355590823,-2.1099998749999997,0.003751945495605469
-2.105,2.222502174377442,-2.104999875,0.003751945495605469
-2.1,2.376721687316895,-2.099999875,0.003751945495605469
-2.095,2.038433723449707,-2.094999875,-0.0012506484985351563
-2.09,2.317023811340332,-2.0899998749999997,-0.0012506484985351563
-2.085,2.685160713195801,-2.084999875,0.008754539489746095
-2.08,2.376721687316895,-2.079999875,0.003751945495605469
-2.075,2.371746864318848,-2.074999875,0.003751945495605469
-2.07,2.854304695129395,-2.0699998749999997,0.008754539489746095
-2.065,2.7448585891723636,-2.064999875,-0.0012506484985351563
-2.06,2.49611743927002,-2.059999875,0.003751945495605469
-2.055,2.9289270401000977,-2.054999875,0.008754539489746095
-2.05,3.0532976150512696,-2.0499998749999997,-0.0012506484985351563
-2.045,2.675211067199707,-2.044999875,0.003751945495605469
-2.04,2.8941032791137697,-2.039999875,0.003751945495605469
-2.035,3.1826430130004884,-2.034999875,0.008754539489746095
-2.0300000000000002,2.8244557571411137,-2.029999875,-0.0012506484985351563
-2.025,2.7448585891723636,-2.024999875,0.003751945495605469
-2.02,3.152794075012207,-2.019999875,0.003751945495605469
-2.015,2.9587759780883793,-2.014999875,0.008754539489746095
-2.0100000000000002,2.6254628372192386,-2.009999875,-0.006253242492675781
-2.005,3.003549385070801,-2.0049998749999998,0.003751945495605469
-2.0,3.0582724380493165,-1.999999875,-0.0012506484985351563
-1.995,2.6204880142211917,-1.9949998750000002,-0.0012506484985351563
-1.99,2.804556465148926,-1.989999875,0.003751945495605469
-1.985,3.0682220840454106,-1.9849998750000002,0.008754539489746095
-1.98,2.6553117752075197,-1.979999875,0.003751945495605469
-1.975,2.555815315246582,-1.9749998750000002,-0.0012506484985351563
-1.97,2.9438515090942388,-1.969999875,0.003751945495605469
-1.965,2.7448585891723636,-1.9649998750000002,0.003751945495605469
-1.96,2.4314447402954102,-1.959999875,0.01375713348388672
-1.955,2.804556465148926,-1.9549998750000002,-0.0012506484985351563
-1.95,2.879178810119629,-1.949999875,0.008754539489746095
-1.945,2.456318855285645,-1.9449998750000002,0.008754539489746095
-1.94,2.645362129211426,-1.939999875,0.008754539489746095
-1.935,2.9438515090942388,-1.9349998750000001,0.003751945495605469
-1.93,2.555815315246582,-1.929999875,0.008754539489746095
-1.925,2.5010922622680667,-1.9249998750000001,0.008754539489746095
-1.92,2.9090277481079103,-1.919999875,0.003751945495605469
-1.915,2.729934120178223,-1.9149998750000001,-0.0012506484985351563
-1.9100000000000001,2.4214950942993165,-1.9099998750000002,0.008754539489746095
-1.905,2.804556465148926,-1.9049998750000001,0.003751945495605469
-1.9000000000000001,2.884153633117676,-1.8999998750000002,-0.006253242492675781
-1.895,2.456318855285645,-1.8949998750000001,-0.0012506484985351563
-1.8900000000000001,2.650336952209473,-1.8899998750000002,0.018759727478027344
-1.885,2.9289270401000977,-1.884999875,0.003751945495605469
-1.8800000000000001,2.5359160232543947,-1.8799998750000002,0.008754539489746095
-1.875,2.4662685012817387,-1.874999875,0.008754539489746095
-1.87,2.8692291641235355,-1.8699998750000002,0.008754539489746095
-1.865,2.675211067199707,-1.864999875,0.008754539489746095
-1.86,2.376721687316895,-1.8599998750000002,0.003751945495605469
-1.855,2.769732704162598,-1.854999875,0.008754539489746095
-1.85,2.849329872131348,-1.8499998750000002,0.003751945495605469
-1.845,2.436419563293457,-1.844999875,-0.0012506484985351563
-1.84,2.650336952209473,-1.8399998750000002,-0.0012506484985351563
-1.835,2.9587759780883793,-1.834999875,0.003751945495605469
-1.83,2.580689430236817,-1.8299998750000002,-0.0012506484985351563
-1.825,2.5359160232543947,-1.824999875,0.003751945495605469
-1.82,2.963750801086426,-1.8199998750000002,0.01375713348388672
-1.815,2.7896319961547853,-1.814999875,0.003751945495605469
-1.81,2.491142616271973,-1.8099998750000001,0.01375713348388672
-1.805,2.9040529251098635,-1.804999875,0.003751945495605469
-1.8,2.9935997390747073,-1.7999998750000001,0.003751945495605469
-1.795,2.5906390762329106,-1.794999875,0.003751945495605469
-1.79,2.8095312881469727,-1.7899998750000001,0.008754539489746095
-1.7850000000000001,3.093096199035645,-1.7849998750000002,-0.0012506484985351563
-1.78,2.73490894317627,-1.7799998750000001,0.008754539489746095
-1.7750000000000001,2.675211067199707,-1.7749998750000002,-0.0012506484985351563
-1.77,3.063247261047364,-1.7699998750000001,0.003751945495605469
-1.7650000000000001,2.8941032791137697,-1.7649998750000002,0.01375713348388672
-1.76,2.580689430236817,-1.759999875,-0.0012506484985351563
-1.7550000000000001,2.9836500930786136,-1.7549998750000002,0.003751945495605469
-1.75,3.0532976150512696,-1.749999875,0.008754539489746095
-1.745,2.6354124832153323,-1.7449998750000002,0.008754539489746095
-1.74,2.844355049133301,-1.739999875,0.003751945495605469
-1.735,3.117970314025879,-1.7349998750000002,0.003751945495605469
-1.73,2.759783058166504,-1.729999875,0.01375713348388672
-1.725,2.7050600051879887,-1.7249998750000002,0.003751945495605469
-1.72,3.1030458450317386,-1.719999875,0.01375713348388672
-1.715,2.923952217102051,-1.7149998750000002,-0.0012506484985351563
-1.71,2.650336952209473,-1.709999875,-0.0012506484985351563
-1.705,3.0582724380493165,-1.7049998750000002,0.003751945495605469
-1.7,3.157768898010254,-1.699999875,0.008754539489746095
-1.695,2.769732704162598,-1.6949998750000002,0.003751945495605469
-1.69,2.9935997390747073,-1.689999875,0.003751945495605469
-1.685,3.277164649963379,-1.6849998750000001,0.008754539489746095
-1.68,2.9040529251098635,-1.679999875,0.008754539489746095
-1.675,2.8244557571411137,-1.6749998750000001,0.008754539489746095
-1.67,3.157768898010254,-1.669999875,0.003751945495605469
-1.665,2.9040529251098635,-1.6649998750000001,-0.0012506484985351563
-1.6600000000000001,2.5160167312622073,-1.6599998750000002,0.008754539489746095
-1.655,2.804556465148926,-1.6549998750000001,0.01375713348388672
-1.6500000000000001,2.7498334121704104,-1.6499998750000002,0.003751945495605469
-1.645,2.2125525283813476,-1.6449998750000001,0.01375713348388672
-1.6400000000000001,2.2623007583618167,-1.6399998750000002,0.003751945495605469
-1.635,2.3816965103149417,-1.634999875,0.003751945495605469
-1.6300000000000001,1.844415626525879,-1.6299998750000002,0.008754539489746095
-1.625,1.610598945617676,-1.624999875,0.003751945495605469
-1.62,1.8543652725219728,-1.6199998750000002,0.008754539489746095
-1.615,1.5111024856567383,-1.614999875,-0.0012506484985351563
-1.61,1.093217353820801,-1.6099998750000002,0.008754539489746095
-1.605,1.3320088577270508,-1.604999875,0.003751945495605469
-1.6,1.3071347427368165,-1.5999998750000002,0.008754539489746095
-1.595,0.8046776199340822,-1.594999875,-0.0012506484985351563
-1.59,0.9439726638793946,-1.5899998750000002,0.008754539489746095
-1.585,1.1479404067993164,-1.584999875,0.003751945495605469
-1.58,0.730055274963379,-1.5799998750000002,0.018759727478027344
-1.575,0.6405084609985352,-1.574999875,-0.0012506484985351563
-1.57,1.0235698318481445,-1.5699998750000002,0.01375713348388672
-1.565,0.849451026916504,-1.564999875,0.003751945495605469
-1.56,0.5808105850219727,-1.5599998750000001,-0.0012506484985351563
-1.555,0.9937208938598634,-1.554999875,0.008754539489746095
-1.55,1.1031669998168947,-1.5499998750000001,0.003751945495605469
-1.545,0.7549293899536134,-1.544999875,0.003751945495605469
-1.54,1.0235698318481445,-1.5399998750000001,0.008754539489746095
-1.5350000000000001,1.3618577957153322,-1.5349998750000002,0.003751945495605469
-1.53,1.0583935928344728,-1.5299998750000001,-0.0012506484985351563
-1.5250000000000001,1.0733180618286133,-1.5249998750000002,0.003751945495605469
-1.52,1.5260269546508791,-1.5199998750000001,0.008754539489746095
-1.5150000000000001,1.4215556716918947,-1.5149998750000002,0.003751945495605469
-1.51,1.2126131057739258,-1.509999875,0.008754539489746095
-1.5050000000000001,1.6802464675903321,-1.5049998750000002,0.01375713348388672
-1.5,1.8245163345336917,-1.499999875,0.01375713348388672
-1.495,1.486228370666504,-1.4949998750000002,0.003751945495605469
-1.49,1.7747681045532229,-1.489999875,0.008754539489746095
-1.485,2.1130560684204105,-1.4849998750000002,0.01375713348388672
-1.48,1.7946673965454103,-1.479999875,-0.0012506484985351563
-1.475,1.8245163345336917,-1.4749998750000002,0.003751945495605469
-1.47,2.2772252273559572,-1.469999875,0.008754539489746095
-1.465,2.132955360412598,-1.4649998750000002,-0.0012506484985351563
-1.46,1.924012794494629,-1.459999875,0.01375713348388672
-1.455,2.366772041320801,-1.4549998750000002,-0.0012506484985351563
-1.45,2.491142616271973,-1.449999875,0.018759727478027344
-1.445,2.1528546524047854,-1.4449998750000002,0.01375713348388672
-1.44,2.411545448303223,-1.439999875,-0.0012506484985351563
-1.435,2.7498334121704104,-1.4349998750000001,0.008754539489746095
-1.43,2.411545448303223,-1.429999875,0.01375713348388672
-1.425,2.3916461563110354,-1.4249998750000001,0.008754539489746095
-1.42,2.8244557571411137,-1.419999875,0.008754539489746095
-1.415,2.6553117752075197,-1.4149998750000001,0.003751945495605469
-1.41,2.3866713333129885,-1.409999875,0.003751945495605469
-1.405,2.804556465148926,-1.4049998750000001,0.008754539489746095
-1.4000000000000001,2.889128456115723,-1.3999998750000002,0.018759727478027344
-1.395,2.4712433242797855,-1.3949998750000001,0.003751945495605469
-1.3900000000000001,2.6652614212036134,-1.3899998750000002,-0.0012506484985351563
-1.385,2.9438515090942388,-1.384999875,0.003751945495605469
-1.3800000000000001,2.530941200256348,-1.3799998750000002,0.01375713348388672
-1.375,2.441394386291504,-1.374999875,0.01375713348388672
-1.37,2.8145061111450196,-1.3699998750000002,0.008754539489746095
-1.365,2.5856642532348637,-1.364999875,0.008754539489746095
-1.36,2.2672755813598635,-1.3599998750000002,0.003751945495605469
-1.355,2.610538368225098,-1.354999875,0.008754539489746095
-1.35,2.645362129211426,-1.3499998750000002,0.003751945495605469
-1.345,2.222502174377442,-1.344999875,0.003751945495605469
-1.34,2.401595802307129,-1.3399998750000002,0.003751945495605469
-1.335,2.645362129211426,-1.334999875,0.01375713348388672
-1.33,2.247376289367676,-1.3299998750000002,0.008754539489746095
-1.325,2.162804298400879,-1.324999875,0.008754539489746095
-1.32,2.5458656692504884,-1.3199998750000002,0.003751945495605469
-1.315,2.341897926330567,-1.314999875,0.008754539489746095
-1.31,2.043408546447754,-1.3099998750000001,0.003751945495605469
-1.305,2.436419563293457,-1.304999875,0.01375713348388672
-1.3,2.5160167312622073,-1.2999998750000001,0.003751945495605469
-1.295,2.123005714416504,-1.294999875,0.008754539489746095
-1.29,2.366772041320801,-1.2899998750000001,0.008754539489746095
-1.285,2.650336952209473,-1.284999875,-0.0012506484985351563
-1.28,2.292149696350098,-1.2799998750000001,0.003751945495605469
-1.2750000000000001,2.2623007583618167,-1.2749998750000002,0.003751945495605469
-1.27,2.685160713195801,-1.2699998750000001,-0.0012506484985351563
-1.2650000000000001,2.520991554260254,-1.2649998750000002,0.003751945495605469
-1.26,2.2623007583618167,-1.259999875,-0.0012506484985351563
-1.2550000000000001,2.685160713195801,-1.2549998750000002,0.003751945495605469
-1.25,2.7846571731567384,-1.249999875,0.008754539489746095
-1.245,2.411545448303223,-1.2449998750000002,0.008754539489746095
-1.24,2.6553117752075197,-1.239999875,0.008754539489746095
-1.235,2.963750801086426,-1.2349998750000002,0.003751945495605469
-1.23,2.5956138992309574,-1.229999875,0.008754539489746095
-1.225,2.5707397842407227,-1.2249998750000002,0.003751945495605469
-1.22,3.003549385070801,-1.219999875,0.003751945495605469
-1.215,2.8344054031372075,-1.2149998750000002,0.008754539489746095
-1.21,2.560790138244629,-1.209999875,0.003751945495605469
-1.205,2.998574562072754,-1.2049998750000002,0.003751945495605469
-1.2,3.098071022033692,-1.199999875,0.008754539489746095
-1.195,2.7199844741821293,-1.1949998750000002,0.003751945495605469
-1.19,2.97370044708252,-1.189999875,0.003751945495605469
-1.185,3.2672150039672854,-1.1849998750000001,0.008754539489746095
-1.18,2.9040529251098635,-1.179999875,0.003751945495605469
-1.175,2.879178810119629,-1.1749998750000001,-0.0012506484985351563
-1.17,3.2920891189575197,-1.169999875,-0.0012506484985351563
-1.165,3.122945137023926,-1.1649998750000001,0.003751945495605469
-1.16,2.8742039871215823,-1.159999875,0.003751945495605469
-1.155,3.277164649963379,-1.1549998750000001,0.003751945495605469
-1.1500000000000001,3.366711463928223,-1.1499998750000002,0.008754539489746095
-1.145,2.9786752700805668,-1.1449998750000001,0.008754539489746095
-1.1400000000000001,3.21249195098877,-1.1399998750000002,0.003751945495605469
-1.135,3.491082038879395,-1.134999875,0.008754539489746095
-1.1300000000000001,3.1129954910278324,-1.1299998750000002,0.003751945495605469
-1.125,3.063247261047364,-1.124999875,0.008754539489746095
-1.12,3.4761575698852543,-1.1199998750000002,0.003751945495605469
-1.115,3.287114295959473,-1.114999875,0.003751945495605469
-1.11,3.0234486770629885,-1.1099998750000002,0.01375713348388672
-1.105,3.4363589859008794,-1.104999875,0.008754539489746095
-1.1,3.5109813308715823,-1.0999998750000002,0.003751945495605469
-1.095,3.127919960021973,-1.094999875,0.003751945495605469
-1.09,3.361736640930176,-1.0899998750000002,0.008754539489746095
-1.085,3.6254022598266604,-1.084999875,0.008754539489746095
-1.08,3.217466773986817,-1.0799998750000002,0.008754539489746095
-1.075,3.157768898010254,-1.074999875,0.008754539489746095
-1.07,3.515956153869629,-1.0699998750000002,0.008754539489746095
-1.065,3.242340888977051,-1.064999875,0.008754539489746095
-1.06,2.884153633117676,-1.0599998750000001,0.01375713348388672
-1.055,3.1726933670043946,-1.054999875,0.003751945495605469
-1.05,3.1129954910278324,-1.0499998750000001,0.01375713348388672
-1.045,2.5458656692504884,-1.044999875,0.003751945495605469
-1.04,2.5956138992309574,-1.0399998750000001,0.01375713348388672
-1.035,2.685160713195801,-1.034999875,0.008754539489746095
-1.03,2.0881819534301758,-1.0299998750000001,0.003751945495605469
-1.025,1.8543652725219728,-1.024999875,0.003751945495605469
-1.02,2.043408546447754,-1.0199998750000001,0.01375713348388672
-1.0150000000000001,1.6553723526000979,-1.0149998750000002,0.003751945495605469
-1.01,1.1976886367797852,-1.009999875,0.003751945495605469
-1.0050000000000001,1.4165808486938478,-1.0049998750000002,0.008754539489746095
-1.0,1.322059211730957,-0.999999875,-0.0012506484985351563
-0.995,0.7947279739379883,-0.994999875,0.003751945495605469
-0.99,0.8991992568969728,-0.989999875,0.008754539489746095
-0.985,1.053418769836426,-0.984999875,0.008754539489746095
-0.98,0.5907602310180664,-0.979999875,0.003751945495605469
-0.975,0.48628894805908207,-0.974999875,0.008754539489746095
-0.97,0.8345265579223634,-0.969999875,0.008754539489746095
-0.965,0.610659523010254,-0.964999875,0.008754539489746095
-0.96,0.33206943511962894,-0.959999875,0.003751945495605469
-0.9550000000000001,0.7101559829711914,-0.954999875,0.003751945495605469
-0.9500000000000001,0.809652442932129,-0.949999875,0.008754539489746095
-0.9450000000000001,0.45146518707275396,-0.944999875,0.003751945495605469
-0.9400000000000001,0.7101559829711914,-0.939999875,0.003751945495605469
-0.935,1.0285446548461914,-0.934999875,0.003751945495605469
-0.93,0.7101559829711914,-0.929999875,0.003751945495605469
-0.925,0.7250804519653321,-0.924999875,0.008754539489746095
-0.92,1.1827641677856446,-0.919999875,-0.0012506484985351563
-0.915,1.0683432388305665,-0.914999875,0.003751945495605469
-0.91,0.8643754959106447,-0.909999875,0.008754539489746095
-0.905,1.327034034729004,-0.904999875,0.003751945495605469
-0.9,1.4613542556762698,-0.899999875,0.008754539489746095
-0.895,1.1429655838012696,-0.894999875,0.008754539489746095
-0.89,1.4215556716918947,-0.889999875,0.003751945495605469
-0.885,1.7498939895629884,-0.884999875,-0.0012506484985351563
-0.88,1.411606025695801,-0.879999875,0.003751945495605469
-0.875,1.4364801406860352,-0.874999875,0.01375713348388672
-0.87,1.8842142105102542,-0.869999875,0.008754539489746095
-0.865,1.7399443435668946,-0.864999875,-0.0012506484985351563
-0.86,1.5111024856567383,-0.859999875,0.003751945495605469
-0.855,1.968786201477051,-0.854999875,0.003751945495605469
-0.85,2.093156776428223,-0.849999875,-0.0012506484985351563
-0.845,1.7548688125610352,-0.844999875,-0.0012506484985351563
-0.84,2.038433723449707,-0.839999875,0.008754539489746095
-0.835,2.366772041320801,-0.834999875,-0.006253242492675781
-0.8300000000000001,2.0334589004516603,-0.829999875,0.008754539489746095
-0.8250000000000001,2.043408546447754,-0.824999875,0.01375713348388672
-0.8200000000000001,2.486167793273926,-0.819999875,0.008754539489746095
-0.8150000000000001,2.341897926330567,-0.814999875,0.003751945495605469
-0.81,2.09813159942627,-0.809999875,0.003751945495605469
-0.805,2.530941200256348,-0.804999875,0.003751945495605469
-0.8,2.6204880142211917,-0.799999875,0.008754539489746095
-0.795,2.25732593536377,-0.794999875,0.008754539489746095
-0.79,2.486167793273926,-0.789999875,0.008754539489746095
-0.785,2.7747075271606447,-0.784999875,0.018759727478027344
-0.78,2.371746864318848,-0.779999875,0.008754539489746095
-0.775,2.326973457336426,-0.774999875,0.003751945495605469
-0.77,2.7050600051879887,-0.769999875,-0.0012506484985351563
-0.765,2.486167793273926,-0.764999875,0.008754539489746095
-0.76,2.202602882385254,-0.759999875,0.008754539489746095
-0.755,2.5707397842407227,-0.754999875,0.008754539489746095
-0.75,2.605563545227051,-0.749999875,0.003751945495605469
-0.745,2.19265323638916,-0.744999875,0.008754539489746095
-0.74,2.3966209793090822,-0.739999875,0.008754539489746095
-0.735,2.645362129211426,-0.734999875,0.008754539489746095
-0.73,2.2424014663696292,-0.729999875,0.008754539489746095
-0.725,2.19265323638916,-0.724999875,0.003751945495605469
-0.72,2.565764961242676,-0.719999875,0.008754539489746095
-0.715,2.3617972183227542,-0.714999875,0.003751945495605469
-0.71,2.0881819534301758,-0.709999875,0.008754539489746095
-0.705,2.491142616271973,-0.7049998749999999,0.008754539489746095
-0.7000000000000001,2.5458656692504884,-0.699999875,0.003751945495605469
-0.6950000000000001,2.1777287673950196,-0.694999875,0.008754539489746095
-0.6900000000000001,2.4165202713012697,-0.689999875,0.01375713348388672
-0.685,2.7100348281860356,-0.684999875,-0.0012506484985351563
-0.68,2.326973457336426,-0.679999875,0.008754539489746095
-0.675,2.3020993423461915,-0.674999875,0.008754539489746095
-0.67,2.724959297180176,-0.669999875,0.01375713348388672
-0.665,2.530941200256348,-0.664999875,0.003751945495605469
-0.66,2.292149696350098,-0.659999875,0.003751945495605469
-0.655,2.729934120178223,-0.654999875,0.008754539489746095
-0.65,2.8095312881469727,-0.649999875,0.01375713348388672
-0.645,2.436419563293457,-0.644999875,0.008754539489746095
-0.64,2.700085182189942,-0.639999875,0.008754539489746095
-0.635,2.9786752700805668,-0.634999875,0.008754539489746095
-0.63,2.605563545227051,-0.629999875,0.008754539489746095
-0.625,2.5906390762329106,-0.624999875,0.003751945495605469
-0.62,3.0184738540649416,-0.619999875,0.008754539489746095
-0.615,2.8393802261352543,-0.614999875,0.008754539489746095
-0.61,2.580689430236817,-0.609999875,0.003751945495605469
-0.605,3.0134990310668948,-0.604999875,0.008754539489746095
-0.6,3.088121376037598,-0.599999875,0.003751945495605469
-0.595,2.724959297180176,-0.594999875,0.003751945495605469
-0.59,2.9786752700805668,-0.589999875,0.003751945495605469
-0.585,3.2622401809692385,-0.584999875,0.003751945495605469
-0.58,2.9040529251098635,-0.5799998749999999,0.003751945495605469
-0.5750000000000001,2.8990781021118166,-0.574999875,0.003751945495605469
-0.5700000000000001,3.3020387649536134,-0.569999875,0.003751945495605469
-0.5650000000000001,3.1428444290161135,-0.564999875,0.01375713348388672
-0.56,2.8990781021118166,-0.559999875,0.003751945495605469
-0.555,3.3219380569458012,-0.554999875,-0.0012506484985351563
-0.55,3.406510047912598,-0.549999875,0.008754539489746095
-0.545,3.033398323059082,-0.544999875,0.01375713348388672
-0.54,3.277164649963379,-0.539999875,0.003751945495605469
-0.535,3.570679206848145,-0.534999875,0.008754539489746095
-0.53,3.1876178359985357,-0.529999875,0.008754539489746095
-0.525,3.167718544006348,-0.524999875,0.003751945495605469
-0.52,3.565704383850098,-0.519999875,0.01375713348388672
-0.515,3.37168628692627,-0.514999875,0.008754539489746095
-0.51,3.1129954910278324,-0.509999875,0.008754539489746095
-0.505,3.520930976867676,-0.504999875,0.003751945495605469
-0.5,3.575654029846192,-0.499999875,0.003751945495605469
-0.495,3.1726933670043946,-0.494999875,0.003751945495605469
-0.49,3.406510047912598,-0.489999875,0.01375713348388672
-0.485,3.6751504898071294,-0.48499987499999997,0.003751945495605469
-0.48,3.277164649963379,-0.47999987499999996,0.008754539489746095
-0.47500000000000003,3.242340888977051,-0.474999875,0.003751945495605469
-0.47000000000000003,3.6303770828247073,-0.469999875,0.008754539489746095
-0.465,3.4214345169067384,-0.464999875,0.003751945495605469
-0.46,3.1080206680297855,-0.459999875,-0.0012506484985351563
-0.455,3.4711827468872074,-0.454999875,0.008754539489746095
-0.45,3.4363589859008794,-0.449999875,0.003751945495605469
-0.445,2.9388766860961915,-0.444999875,-0.0012506484985351563
-0.44,3.038373146057129,-0.439999875,0.008754539489746095
-0.435,3.157768898010254,-0.434999875,0.003751945495605469
-0.43,2.5956138992309574,-0.429999875,0.008754539489746095
-0.425,2.3916461563110354,-0.42499987499999997,0.003751945495605469
-0.42,2.5707397842407227,-0.41999987499999997,0.003751945495605469
-0.41500000000000004,2.167779121398926,-0.414999875,0.008754539489746095
-0.41000000000000003,1.7051205825805666,-0.409999875,-0.0012506484985351563
-0.405,1.8991386795043947,-0.404999875,0.003751945495605469
-0.4,1.769793281555176,-0.399999875,0.008754539489746095
-0.395,1.1976886367797852,-0.394999875,0.003751945495605469
-0.39,1.2623613357543946,-0.389999875,-0.0012506484985351563
-0.385,1.3718074417114259,-0.384999875,0.008754539489746095
-0.38,0.8594006729125977,-0.379999875,0.008754539489746095
-0.375,0.7201056289672852,-0.374999875,0.008754539489746095
-0.37,1.0235698318481445,-0.369999875,0.003751945495605469
-0.365,0.7449797439575196,-0.364999875,0.003751945495605469
-0.36,0.4415155410766602,-0.35999987499999997,-0.0012506484985351563
-0.355,0.7997027969360352,-0.35499987499999996,0.003751945495605469
-0.35000000000000003,0.8295517349243164,-0.349999875,0.008754539489746095
-0.34500000000000003,0.4315658950805664,-0.344999875,0.003751945495605469
-0.34,0.6703573989868165,-0.339999875,0.003751945495605469
-0.335,0.9638719558715821,-0.334999875,0.003751945495605469
-0.33,0.6056847000122071,-0.329999875,0.003751945495605469
-0.325,0.6255839920043946,-0.324999875,-0.0012506484985351563
-0.32,1.0633684158325196,-0.319999875,0.008754539489746095
-0.315,0.9240733718872071,-0.314999875,0.003751945495605469
-0.31,0.730055274963379,-0.309999875,0.003751945495605469
-0.305,1.2126131057739258,-0.304999875,0.003751945495605469
-0.3,1.3320088577270508,-0.29999987499999997,-0.006253242492675781
-0.295,1.0285446548461914,-0.29499987499999997,-0.0012506484985351563
-0.29,1.3419585037231447,-0.28999987499999996,0.003751945495605469
-0.28500000000000003,1.6802464675903321,-0.284999875,0.008754539489746095
-0.28,1.366832618713379,-0.279999875,0.003751945495605469
-0.275,1.406631202697754,-0.274999875,0.003751945495605469
-0.27,1.8692897415161134,-0.269999875,0.01375713348388672
-0.265,1.7399443435668946,-0.264999875,0.003751945495605469
-0.26,1.5260269546508791,-0.259999875,0.008754539489746095
-0.255,1.9837106704711915,-0.254999875,0.003751945495605469
-0.25,2.078232307434082,-0.249999875,0.003751945495605469
-0.245,1.7498939895629884,-0.244999875,0.003751945495605469
-0.24,2.0235092544555666,-0.239999875,0.003751945495605469
-0.23500000000000001,2.341897926330567,-0.23499987500000002,0.003751945495605469
-0.23,1.9936603164672853,-0.22999987500000002,0.008754539489746095
-0.225,2.0235092544555666,-0.22499987500000002,0.01375713348388672
-0.22,2.4662685012817387,-0.219999875,0.01375713348388672
-0.215,2.3070741653442384,-0.214999875,0.008754539489746095
-0.21,2.083207130432129,-0.209999875,0.003751945495605469
-0.20500000000000002,2.5408908462524415,-0.20499987500000003,0.003751945495605469
-0.2,2.6204880142211917,-0.19999987500000002,0.008754539489746095
-0.195,2.2672755813598635,-0.19499987500000002,0.01375713348388672
-0.19,2.525966377258301,-0.189999875,0.003751945495605469
-0.185,2.8244557571411137,-0.184999875,0.003751945495605469
-0.18,2.4513440322875977,-0.179999875,-0.0012506484985351563
-0.17500000000000002,2.446369209289551,-0.17499987500000003,0.008754539489746095
-0.17,2.854304695129395,-0.16999987500000002,0.003751945495605469
-0.165,2.6254628372192386,-0.16499987500000002,-0.0012506484985351563
-0.16,2.3816965103149417,-0.159999875,0.008754539489746095
-0.155,2.7796823501586916,-0.154999875,-0.0012506484985351563
-0.15,2.8194809341430664,-0.149999875,0.003751945495605469
-0.145,2.406570625305176,-0.144999875,0.008754539489746095
-0.14,2.615513191223145,-0.13999987500000002,0.008754539489746095
-0.135,2.8742039871215823,-0.13499987500000002,-0.006253242492675781
-0.13,2.446369209289551,-0.12999987500000001,0.003751945495605469
-0.125,2.401595802307129,-0.124999875,0.003751945495605469
-0.12,2.7747075271606447,-0.11999987499999999,0.003751945495605469
-0.115,2.530941200256348,-0.114999875,0.008754539489746095
-0.11,2.247376289367676,-0.109999875,0.008754539489746095
-0.105,2.6204880142211917,-0.10499987499999999,0.008754539489746095
-0.1,2.6652614212036134,-0.099999875,-0.0012506484985351563
-0.095,2.25732593536377,-0.094999875,0.01375713348388672
-0.09,2.4712433242797855,-0.089999875,0.003751945495605469
-0.085,2.7398837661743167,-0.084999875,-0.0012506484985351563
-0.08,2.341897926330567,-0.079999875,0.01375713348388672
-0.075,2.3319482803344727,-0.074999875,-0.0012506484985351563
-0.07,2.73490894317627,-0.069999875,0.008754539489746095
-0.065,2.525966377258301,-0.064999875,0.003751945495605469
-0.06,2.287174873352051,-0.059999875,0.008754539489746095
-0.055,2.7100348281860356,-0.054999875000000004,0.008754539489746095
-0.05,2.7796823501586916,-0.049999875000000006,0.003751945495605469
-0.045,2.3966209793090822,-0.044999875,0.003751945495605469
-0.04,2.6702362442016603,-0.039999875000000004,0.003751945495605469
-0.035,2.9538011550903325,-0.03499987500000001,0.003751945495605469
-0.03,2.580689430236817,-0.029999875,0.003751945495605469
-0.025,2.605563545227051,-0.024999875,0.003751945495605469
-0.02,3.0234486770629885,-0.019999875,0.003751945495605469
-0.015,2.854304695129395,-0.014999875,0.01375713348388672
-0.01,2.610538368225098,-0.009999875,-0.0012506484985351563
-0.005,3.0682220840454106,-0.004999875,0.008754539489746095
0.0,3.1428444290161135,1.25e-07,0.003751945495605469
0.005,2.7747075271606447,0.005000125,0.008754539489746095
0.01,3.043347969055176,0.010000125,0.003751945495605469
0.015,3.3418373489379887,0.015000125,0.01375713348388672
0.02,2.9786752700805668,0.020000125,0.008754539489746095
0.025,2.998574562072754,0.025000125,0.008754539489746095
0.03,3.406510047912598,0.030000125,0.003751945495605469
0.035,3.2025423049926762,0.035000125,-0.0012506484985351563
0.04,2.963750801086426,0.040000125,0.003751945495605469
0.045,3.401535224914551,0.045000124999999995,0.008754539489746095
0.05,3.45128345489502,0.050000125,0.003751945495605469
0.055,3.0731969070434575,0.055000125,0.008754539489746095
0.06,3.331887702941895,0.060000124999999994,0.008754539489746095
0.065,3.6154526138305667,0.065000125,0.003751945495605469
0.07,3.2323912429809574,0.07000012500000001,0.003751945495605469
0.075,3.2373660659790042,0.075000125,0.008754539489746095
0.08,3.6154526138305667,0.080000125,0.003751945495605469
0.085,3.4214345169067384,0.08500012500000001,0.01375713348388672
0.09,3.162743721008301,0.090000125,0.008754539489746095
0.095,3.570679206848145,0.095000125,-0.0012506484985351563
0.1,3.605502967834473,0.10000012500000001,0.003751945495605469
0.105,3.2224415969848637,0.105000125,0.01375713348388672
0.11,3.4711827468872074,0.110000125,0.008754539489746095
0.115,3.7398231887817386,0.11500012500000001,0.008754539489746095
0.12,3.3468121719360355,0.120000125,0.003751945495605469
0.125,3.3517869949340824,0.125000125,0.003751945495605469
0.13,3.729873542785645,0.130000125,0.003751945495605469
0.135,3.5308806228637697,0.135000125,0.008754539489746095
0.14,3.252290534973145,0.140000125,0.003751945495605469
0.145,3.6502763748168947,0.14500012499999998,0.003751945495605469
0.15,3.6751504898071294,0.15000012499999998,0.003751945495605469
0.155,3.2622401809692385,0.155000125,0.008754539489746095
0.16,3.4662079238891605,0.160000125,0.003751945495605469
0.165,3.6602260208129884,0.165000125,0.003751945495605469
0.17,3.1776681900024415,0.170000125,0.008754539489746095
0.17500000000000002,3.0582724380493165,0.175000125,0.008754539489746095
0.18,3.2970639419555665,0.18000012499999998,0.008754539489746095
0.185,2.9289270401000977,0.185000125,0.008754539489746095
0.19,2.49611743927002,0.190000125,0.008754539489746095
0.195,2.7050600051879887,0.195000125,0.008754539489746095
0.2,2.5408908462524415,0.200000125,0.003751945495605469
0.20500000000000002,1.9538617324829104,0.205000125,0.003751945495605469
0.21,1.9936603164672853,0.21000012499999998,0.008754539489746095
0.215,2.048383369445801,0.215000125,-0.0012506484985351563
0.22,1.4514046096801758,0.220000125,0.003751945495605469
0.225,1.2723109817504883,0.225000125,0.008754539489746095
0.23,1.4762787246704103,0.230000125,0.008754539489746095
0.23500000000000001,1.1131166458129884,0.235000125,0.003751945495605469
0.24,0.730055274963379,0.24000012499999998,0.003751945495605469
0.245,1.0335194778442385,0.24500012499999999,0.008754539489746095
0.25,0.9738216018676759,0.250000125,0.008754539489746095
0.255,0.5161378860473633,0.255000125,0.003751945495605469
0.26,0.7151308059692384,0.260000125,0.003751945495605469
0.265,0.9539223098754883,0.26500012500000003,0.008754539489746095
0.27,0.5410120010375977,0.27000012500000004,0.003751945495605469
0.275,0.5509616470336914,0.27500012500000004,0.003751945495605469
0.28,0.9588971328735353,0.28000012500000004,0.003751945495605469
0.28500000000000003,0.7499545669555665,0.28500012500000005,-0.0012506484985351563
0.29,0.5559364700317383,0.290000125,0.003751945495605469
0.295,1.0285446548461914,0.295000125,0.003751945495605469
0.3,1.1230662918090821,0.300000125,0.003751945495605469
0.305,0.7997027969360352,0.305000125,0.003751945495605469
0.31,1.1230662918090821,0.310000125,0.003751945495605469
0.315,1.456379432678223,0.315000125,-0.0012506484985351563
0.32,1.1429655838012696,0.320000125,-0.0012506484985351563
0.325,1.2126131057739258,0.32500012500000003,-0.0012506484985351563
0.33,1.6603471755981447,0.33000012500000003,0.003751945495605469
0.335,1.5011528396606446,0.33500012500000004,0.01375713348388672
0.34,1.322059211730957,0.34000012500000004,0.003751945495605469
0.34500000000000003,1.7847177505493166,0.34500012500000005,0.003751945495605469
0.35000000000000003,1.8842142105102542,0.35000012500000005,0.008754539489746095
0.355,1.5509010696411134,0.355000125,0.003751945495605469
0.36,1.8593400955200197,0.360000125,0.003751945495605469
0.365,2.1777287673950196,0.365000125,0.008754539489746095
0.37,1.849390449523926,0.370000125,-0.0012506484985351563
0.375,1.8991386795043947,0.375000125,0.003751945495605469
0.38,2.341897926330567,0.380000125,0.003751945495605469
0.385,2.1777287673950196,0.385000125,0.003751945495605469
0.39,1.9837106704711915,0.39000012500000003,0.003751945495605469
0.395,2.446369209289551,0.39500012500000004,0.008754539489746095
0.4,2.5458656692504884,0.40000012500000004,0.008754539489746095
0.405,2.2274769973754887,0.40500012500000004,0.008754539489746095
0.41000000000000003,2.5110419082641604,0.41000012500000005,0.008754539489746095
0.41500000000000004,2.8194809341430664,0.41500012500000005,0.003751945495605469
0.42,2.456318855285645,0.420000125,0.003751945495605469
0.425,2.4762181472778324,0.425000125,-0.0012506484985351563
0.43,2.8941032791137697,0.430000125,0.003751945495605469
0.435,2.6951103591918946,0.435000125,-0.0012506484985351563
0.44,2.436419563293457,0.440000125,0.003751945495605469
0.445,2.849329872131348,0.445000125,0.008754539489746095
0.45,2.884153633117676,0.45000012500000003,0.003751945495605469
0.455,2.4811929702758793,0.45500012500000003,0.01375713348388672
0.46,2.724959297180176,0.46000012500000004,0.01375713348388672
0.465,2.9587759780883793,0.46500012500000004,-0.0012506484985351563
0.47000000000000003,2.525966377258301,0.47000012500000005,0.008754539489746095
0.47500000000000003,2.49611743927002,0.47500012500000005,0.003751945495605469
0.48,2.8592795181274417,0.480000125,0.003751945495605469
0.485,2.5956138992309574,0.485000125,0.003751945495605469
0.49,2.326973457336426,0.490000125,0.008754539489746095
0.495,2.724959297180176,0.495000125,0.003751945495605469
0.5,2.724959297180176,0.500000125,0.008754539489746095
0.505,2.317023811340332,0.505000125,0.003751945495605469
0.51,2.5408908462524415,0.510000125,0.003751945495605469
0.515,2.794606819152832,0.515000125,0.008754539489746095
0.52,2.371746864318848,0.520000125,0.01375713348388672
0.525,2.3617972183227542,0.525000125,0.003751945495605469
0.53,2.7398837661743167,0.530000125,0.008754539489746095
0.535,2.5110419082641604,0.535000125,0.003751945495605469
0.54,2.282200050354004,0.540000125,0.01375713348388672
0.545,2.6951103591918946,0.5450001250000001,0.003751945495605469
0.55,2.73490894317627,0.5500001250000001,0.008754539489746095
0.555,2.3468727493286137,0.5550001250000001,0.003751945495605469
0.56,2.6005887222290043,0.5600001250000001,0.008754539489746095
0.5650000000000001,2.879178810119629,0.5650001250000001,0.008754539489746095
0.5700000000000001,2.49611743927002,0.5700001250000001,0.01375713348388672
0.5750000000000001,2.5110419082641604,0.5750001250000001,0.008754539489746095
0.58,2.918977394104004,0.580000125,-0.0012506484985351563
0.585,2.729934120178223,0.585000125,0.008754539489746095
0.59,2.486167793273926,0.590000125,0.003751945495605469
0.595,2.923952217102051,0.595000125,0.008754539489746095
0.6,2.968725624084473,0.600000125,0.008754539489746095
0.605,2.6005887222290043,0.605000125,0.003751945495605469
0.61,2.8742039871215823,0.610000125,0.003751945495605469
0.615,3.1478192520141604,0.615000125,0.008754539489746095
0.62,2.7896319961547853,0.620000125,0.008754539489746095
0.625,2.804556465148926,0.625000125,0.008754539489746095
0.63,3.207517127990723,0.630000125,0.003751945495605469
0.635,3.0184738540649416,0.635000125,-0.0012506484985351563
0.64,2.804556465148926,0.640000125,-0.0012506484985351563
0.645,3.2373660659790042,0.645000125,0.003751945495605469
0.65,3.2970639419555665,0.650000125,0.008754539489746095
0.655,2.9388766860961915,0.655000125,-0.0012506484985351563
0.66,3.2274164199829105,0.660000125,0.003751945495605469
0.665,3.5109813308715823,0.665000125,0.008754539489746095
0.67,3.127919960021973,0.6700001250000001,0.008754539489746095
0.675,3.1478192520141604,0.6750001250000001,-0.0012506484985351563
0.68,3.570679206848145,0.6800001250000001,0.003751945495605469
0.685,3.3567618179321292,0.6850001250000001,0.008754539489746095
0.6900000000000001,3.127919960021973,0.6900001250000001,0.003751945495605469
0.6950000000000001,3.5607295608520513,0.6950001250000001,0.003751945495605469
0.7000000000000001,3.5955533218383793,0.7000001250000001,-0.0012506484985351563
0.705,3.21249195098877,0.705000125,0.003751945495605469
0.71,3.4761575698852543,0.710000125,0.003751945495605469
0.715,3.719923896789551,0.715000125,0.003751945495605469
0.72,3.3119884109497075,0.720000125,-0.0012506484985351563
0.725,3.3119884109497075,0.725000125,0.008754539489746095
0.73,3.685100135803223,0.730000125,0.003751945495605469
0.735,3.45128345489502,0.735000125,0.008754539489746095
0.74,3.1876178359985357,0.740000125,-0.0012506484985351563
0.745,3.5905784988403324,0.745000125,0.003751945495605469
0.75,3.61047779083252,0.750000125,0.01375713348388672
0.755,3.207517127990723,0.755000125,0.008754539489746095
0.76,3.4662079238891605,0.760000125,-0.0012506484985351563
0.765,3.7000246047973637,0.765000125,0.003751945495605469
0.77,3.3020387649536134,0.770000125,0.008754539489746095
0.775,3.2970639419555665,0.775000125,-0.0012506484985351563
0.78,3.6751504898071294,0.780000125,0.003751945495605469
0.785,3.45128345489502,0.785000125,0.008754539489746095
0.79,3.1776681900024415,0.790000125,-0.0012506484985351563
0.795,3.5557547378540044,0.7950001250000001,0.008754539489746095
0.8,3.515956153869629,0.8000001250000001,0.008754539489746095
0.805,3.0532976150512696,0.8050001250000001,0.003751945495605469
0.81,3.2025423049926762,0.8100001250000001,-0.0012506484985351563
0.8150000000000001,3.326912879943848,0.8150001250000001,0.008754539489746095
0.8200000000000001,2.7896319961547853,0.8200001250000001,0.008754539489746095
0.8250000000000001,2.615513191223145,0.8250001250000001,0.003751945495605469
0.8300000000000001,2.8344054031372075,0.8300001250000001,0.003751945495605469
0.835,2.406570625305176,0.835000125,0.008754539489746095
0.84,1.9538617324829104,0.840000125,0.003751945495605469
0.845,2.157829475402832,0.845000125,-0.0012506484985351563
0.85,2.008584785461426,0.850000125,-0.0012506484985351563
0.855,1.446429786682129,0.855000125,0.008754539489746095
0.86,1.5260269546508791,0.860000125,0.003751945495605469
0.865,1.610598945617676,0.865000125,0.008754539489746095
0.87,1.088242530822754,0.870000125,0.008754539489746095
0.875,0.9887460708618165,0.875000125,0.008754539489746095
0.88,1.2524116897583009,0.880000125,0.003751945495605469
0.885,0.9588971328735353,0.885000125,0.008754539489746095
0.89,0.6504581069946289,0.890000125,0.008754539489746095
0.895,1.008645362854004,0.895000125,-0.0012506484985351563
0.9,1.0335194778442385,0.900000125,0.01375713348388672
0.905,0.6405084609985352,0.905000125,0.008754539489746095
0.91,0.9141237258911133,0.910000125,0.01375713348388672
0.915,1.1976886367797852,0.915000125,0.003751945495605469
0.92,0.8544258499145508,0.9200001250000001,0.008754539489746095
0.925,0.9190985488891602,0.9250001250000001,0.003751945495605469
0.93,1.3419585037231447,0.9300001250000001,0.003751945495605469
0.935,1.1877389907836915,0.9350001250000001,0.008754539489746095
0.9400000000000001,1.0185950088500977,0.9400001250000001,0.008754539489746095
0.9450000000000001,1.486228370666504,0.9450001250000001,-0.0012506484985351563
0.9500000000000001,1.6006492996215822,0.9500001250000001,0.008754539489746095
0.9550000000000001,1.2971850967407228,0.9550001250000001,0.01375713348388672
0.96,1.610598945617676,0.960000125,0.008754539489746095
0.965,1.9488869094848635,0.965000125,0.008754539489746095
0.97,1.6155737686157228,0.970000125,0.003751945495605469
0.975,1.6951709365844727,0.975000125,0.008754539489746095
0.98,2.123005714416504,0.980000125,0.003751945495605469
0.985,1.9538617324829104,0.985000125,0.008754539489746095
0.99,1.7598436355590823,0.990000125,0.003751945495605469
0.995,2.2274769973754887,0.995000125,0.008754539489746095
1.0,2.3020993423461915,1.000000125,0.008754539489746095
1.0050000000000001,1.9787358474731447,1.005000125,-0.0012506484985351563
1.01,2.2971245193481447,1.010000125,0.003751945495605469
1.0150000000000001,2.6005887222290043,1.015000125,0.003751945495605469
1.02,2.2672755813598635,1.020000125,0.008754539489746095
1.025,2.3468727493286137,1.0250001249999998,0.003751945495605469
1.03,2.7896319961547853,1.030000125,0.01375713348388672
1.035,2.605563545227051,1.0350001249999998,0.008754539489746095
1.04,2.4165202713012697,1.040000125,-0.0012506484985351563
1.045,2.884153633117676,1.0450001249999998,0.003751945495605469
1.05,2.9587759780883793,1.050000125,0.003751945495605469
1.055,2.605563545227051,1.0550001249999998,0.003751945495605469
1.06,2.9040529251098635,1.060000125,-0.0012506484985351563
1.065,3.1876178359985357,1.0650001249999999,-0.0012506484985351563
1.07,2.8145061111450196,1.070000125,0.003751945495605469
1.075,2.844355049133301,1.0750001249999999,0.003751945495605469
1.08,3.217466773986817,1.080000125,-0.006253242492675781
1.085,2.9886249160766605,1.0850001249999999,0.003751945495605469
1.09,2.7398837661743167,1.090000125,0.008754539489746095
1.095,3.1378696060180666,1.0950001249999999,0.008754539489746095
1.1,3.152794075012207,1.100000125,0.003751945495605469
1.105,2.764757881164551,1.1050001249999999,0.003751945495605469
1.11,2.9935997390747073,1.110000125,0.003751945495605469
1.115,3.2323912429809574,1.115000125,-0.0012506484985351563
1.12,2.804556465148926,1.120000125,0.008754539489746095
1.125,2.7846571731567384,1.125000125,0.003751945495605469
1.1300000000000001,3.1129954910278324,1.130000125,0.003751945495605469
1.135,2.8742039871215823,1.135000125,0.008754539489746095
1.1400000000000001,2.565764961242676,1.140000125,0.003751945495605469
1.145,2.968725624084473,1.145000125,0.008754539489746095
1.1500000000000001,2.963750801086426,1.150000125,-0.0012506484985351563
1.155,2.5508404922485353,1.155000125,0.003751945495605469
1.16,2.8145061111450196,1.1600001249999998,0.008754539489746095
1.165,3.038373146057129,1.165000125,0.003751945495605469
1.17,2.615513191223145,1.1700001249999998,-0.0012506484985351563
1.175,2.6204880142211917,1.175000125,0.008754539489746095
1.18,3.008524208068848,1.1800001249999998,-0.0012506484985351563
1.185,2.7846571731567384,1.185000125,-0.0012506484985351563
1.19,2.5359160232543947,1.1900001249999999,0.003751945495605469
1.195,2.97370044708252,1.195000125,0.003751945495605469
1.2,3.0184738540649416,1.2000001249999999,0.003751945495605469
1.205,2.640387306213379,1.205000125,-0.0012506484985351563
1.21,2.9388766860961915,1.2100001249999999,0.003751945495605469
1.215,3.207517127990723,1.215000125,0.008754539489746095
1.22,2.8344054031372075,1.2200001249999999,0.003751945495605469
1.225,2.8692291641235355,1.225000125,0.003751945495605469
1.23,3.2622401809692385,1.2300001249999999,0.003751945495605469
1.235,3.0582724380493165,1.235000125,0.003751945495605469
1.24,2.854304695129395,1.240000125,0.003751945495605469
1.245,3.282139472961426,1.245000125,-0.0012506484985351563
1.25,3.331887702941895,1.250000125,0.01375713348388672
1.2550000000000001,2.9935997390747073,1.255000125,0.003751945495605469
1.26,3.277164649963379,1.260000125,0.01375713348388672
1.2650000000000001,3.5408302688598634,1.265000125,0.003751945495605469
1.27,3.167718544006348,1.270000125,0.008754539489746095
1.2750000000000001,3.1975674819946294,1.275000125,0.008754539489746095
1.28,3.600528144836426,1.280000125,0.008754539489746095
1.285,3.3915855789184572,1.2850001249999998,0.01375713348388672
1.29,3.167718544006348,1.290000125,0.01375713348388672
1.295,3.5955533218383793,1.2950001249999998,0.008754539489746095
1.3,3.640326728820801,1.300000125,0.003751945495605469
1.305,3.2721898269653322,1.3050001249999998,-0.006253242492675781
1.31,3.5607295608520513,1.310000125,0.01375713348388672
1.315,3.804495887756348,1.3150001249999999,0.003751945495605469
1.32,3.4164596939086915,1.320000125,0.003751945495605469
1.325,3.4313841629028325,1.3250001249999999,0.008754539489746095
1.33,3.7995210647583013,1.330000125,0.003751945495605469
1.335,3.575654029846192,1.3350001249999999,0.01375713348388672
1.34,3.3219380569458012,1.340000125,-0.0012506484985351563
1.345,3.7447980117797854,1.3450001249999999,0.003751945495605469
1.35,3.7746469497680666,1.350000125,0.008754539489746095
1.355,3.3915855789184572,1.3550001249999999,0.008754539489746095
1.36,3.645301551818848,1.360000125,0.003751945495605469
1.365,3.874143409729004,1.365000125,0.003751945495605469
1.37,3.4761575698852543,1.370000125,0.008754539489746095
1.375,3.4662079238891605,1.375000125,0.003751945495605469
1.3800000000000001,3.8194203567504887,1.380000125,-0.0012506484985351563
1.385,3.5856036758422856,1.385000125,0.003751945495605469
1.3900000000000001,3.3219380569458012,1.390000125,0.003751945495605469
1.395,3.719923896789551,1.395000125,0.003751945495605469
1.4000000000000001,3.729873542785645,1.400000125,0.008754539489746095
1.405,3.331887702941895,1.405000125,0.008754539489746095
1.41,3.600528144836426,1.4100001249999998,0.01375713348388672
1.415,3.8194203567504887,1.415000125,0.01375713348388672
1.42,3.4164596939086915,1.4200001249999998,-0.0012506484985351563
1.425,3.4214345169067384,1.425000125,0.008754539489746095
1.43,3.7845965957641603,1.4300001249999998,0.008754539489746095
1.435,3.5408302688598634,1.435000125,0.008754539489746095
1.44,3.2672150039672854,1.4400001249999999,0.008754539489746095
1.445,3.645301551818848,1.445000125,-0.0012506484985351563
1.45,3.6204274368286136,1.4500001249999999,0.008754539489746095
1.455,3.167718544006348,1.455000125,0.008754539489746095
1.46,3.3517869949340824,1.4600001249999999,0.008754539489746095
1.465,3.486107215881348,1.465000125,0.008754539489746095
1.47,2.9438515090942388,1.4700001249999999,0.008754539489746095
1.475,2.804556465148926,1.475000125,-0.0012506484985351563
1.48,3.008524208068848,1.4800001249999999,0.003751945495605469
1.485,2.5856642532348637,1.485000125,0.008754539489746095
1.49,2.157829475402832,1.490000125,0.008754539489746095
1.495,2.3916461563110354,1.495000125,0.008754539489746095
1.5,2.2274769973754887,1.500000125,0.008754539489746095
1.5050000000000001,1.6454227066040041,1.505000125,-0.0012506484985351563
1.51,1.7449191665649415,1.510000125,0.003751945495605469
1.5150000000000001,1.8294911575317385,1.515000125,0.008754539489746095
1.52,1.2971850967407228,1.520000125,0.003751945495605469
1.5250000000000001,1.1827641677856446,1.525000125,0.018759727478027344
1.53,1.4364801406860352,1.530000125,0.01375713348388672
1.5350000000000001,1.128041114807129,1.535000125,0.01375713348388672
1.54,0.8196020889282227,1.540000125,-0.0012506484985351563
1.545,1.1827641677856446,1.5450001249999998,0.003751945495605469
1.55,1.1777893447875978,1.550000125,0.01375713348388672
1.555,0.7897531509399415,1.5550001249999998,0.008754539489746095
1.56,1.0633684158325196,1.560000125,0.003751945495605469
1.565,1.3170843887329102,1.5650001249999999,-0.0012506484985351563
1.57,0.968846778869629,1.570000125,0.003751945495605469
1.575,1.0136201858520508,1.5750001249999999,0.008754539489746095
1.58,1.446429786682129,1.580000125,0.003751945495605469
1.585,1.2822606277465822,1.5850001249999999,0.008754539489746095
1.59,1.1230662918090821,1.590000125,0.003751945495605469
1.595,1.5956744766235353,1.5950001249999999,0.01375713348388672
1.6,1.7001457595825198,1.600000125,0.008754539489746095
1.605,1.3767822647094727,1.6050001249999999,0.003751945495605469
1.61,1.7349695205688478,1.610000125,0.003751945495605469
1.615,2.0334589004516603,1.615000125,-0.0012506484985351563
1.62,1.7100954055786135,1.620000125,0.008754539489746095
1.625,1.7747681045532229,1.625000125,0.008754539489746095
1.6300000000000001,2.222502174377442,1.630000125,0.008754539489746095
1.635,2.038433723449707,1.635000125,0.008754539489746095
1.6400000000000001,1.8643149185180665,1.640000125,0.008754539489746095
1.645,2.321998634338379,1.645000125,-0.0012506484985351563
1.6500000000000001,2.376721687316895,1.650000125,0.003751945495605469
1.655,2.048383369445801,1.655000125,0.003751945495605469
1.6600000000000001,2.3568223953247074,1.660000125,0.003751945495605469
1.665,2.6553117752075197,1.665000125,0.008754539489746095
1.67,2.3070741653442384,1.6700001249999998,0.003751945495605469
1.675,2.366772041320801,1.675000125,0.003751945495605469
1.68,2.8194809341430664,1.6800001249999998,-0.0012506484985351563
1.685,2.6304376602172854,1.685000125,0.003751945495605469
1.69,2.456318855285645,1.6900001249999999,0.008754539489746095
1.695,2.923952217102051,1.695000125,0.008754539489746095
1.7,2.9836500930786136,1.7000001249999999,0.008754539489746095
1.705,2.6254628372192386,1.705000125,0.003751945495605469
1.71,2.9339018630981446,1.7100001249999999,0.008754539489746095
1.715,3.1876178359985357,1.715000125,0.003751945495605469
1.72,2.8095312881469727,1.7200001249999999,0.008754539489746095
1.725,2.8294305801391606,1.725000125,0.008754539489746095
1.73,3.207517127990723,1.7300001249999999,0.003751945495605469
1.735,2.968725624084473,1.735000125,0.008754539489746095
1.74,2.724959297180176,1.740000125,0.01375713348388672
1.745,3.1080206680297855,1.745000125,0.01375713348388672
1.75,3.1129954910278324,1.750000125,0.008754539489746095
1.7550000000000001,2.7050600051879887,1.755000125,0.008754539489746095
1.76,2.9339018630981446,1.760000125,0.008754539489746095
1.7650000000000001,3.157768898010254,1.765000125,0.008754539489746095
1.77,2.73490894317627,1.770000125,0.003751945495605469
1.7750000000000001,2.7150096511840824,1.775000125,0.003751945495605469
1.78,3.0682220840454106,1.780000125,0.008754539489746095
1.7850000000000001,2.8244557571411137,1.785000125,-0.0012506484985351563
1.79,2.560790138244629,1.790000125,-0.0012506484985351563
1.795,2.968725624084473,1.7950001249999998,0.003751945495605469
1.8,2.9786752700805668,1.800000125,-0.0012506484985351563
1.805,2.5707397842407227,1.8050001249999998,0.003751945495605469
1.81,2.844355049133301,1.810000125,0.003751945495605469
1.815,3.083146553039551,1.8150001249999999,0.003751945495605469
1.82,2.7100348281860356,1.820000125,0.003751945495605469
1.825,2.7199844741821293,1.8250001249999999,0.003751945495605469
1.83,3.1030458450317386,1.830000125,0.003751945495605469
1.835,2.8941032791137697,1.8350001249999999,-0.0012506484985351563
1.84,2.6652614212036134,1.840000125,0.003751945495605469
1.845,3.1080206680297855,1.8450001249999999,0.008754539489746095
1.85,3.13289478302002,1.850000125,-0.0012506484985351563
1.855,2.7796823501586916,1.8550001249999999,0.003751945495605469
1.86,3.0582724380493165,1.860000125,0.003751945495605469
1.865,3.336862525939942,1.865000125,0.003751945495605469
1.87,2.9538011550903325,1.870000125,0.003751945495605469
1.875,2.9935997390747073,1.875000125,0.008754539489746095
1.8800000000000001,3.396560401916504,1.880000125,0.003751945495605469
1.885,3.1776681900024415,1.885000125,0.003751945495605469
1.8900000000000001,2.963750801086426,1.890000125,0.008754539489746095
1.895,3.396560401916504,1.895000125,0.003751945495605469
1.9000000000000001,3.4313841629028325,1.900000125,0.003751945495605469
1.905,3.0532976150512696,1.905000125,0.008754539489746095
1.9100000000000001,3.331887702941895,1.910000125,-0.0012506484985351563
1.915,3.61047779083252,1.915000125,0.01375713348388672
1.92,3.21249195098877,1.9200001249999998,0.003751945495605469
1.925,3.242340888977051,1.925000125,0.003751945495605469
1.93,3.6502763748168947,1.9300001249999998,0.008754539489746095
1.935,3.4313841629028325,1.935000125,0.008754539489746095
1.94,3.207517127990723,1.9400001249999999,0.003751945495605469
1.945,3.635351905822754,1.945000125,0.003751945495605469
1.95,3.6602260208129884,1.9500001249999999,0.008754539489746095
1.955,3.2970639419555665,1.955000125,-0.0012506484985351563
1.96,3.5856036758422856,1.9600001249999999,0.008754539489746095
1.965,3.839319648742676,1.965000125,0.003751945495605469
1.97,3.456258277893067,1.9700001249999999,0.008754539489746095
1.975,3.486107215881348,1.975000125,0.01375713348388672
1.98,3.8542441177368167,1.9800001249999999,0.01375713348388672
1.985,3.6154526138305667,1.985000125,0.003751945495605469
1.99,3.3766611099243167,1.990000125,0.003751945495605469
1.995,3.7746469497680666,1.995000125,-0.0012506484985351563
2.0,3.789571418762207,2.000000125,0.008754539489746095
2.005,3.401535224914551,2.005000125,0.008754539489746095
2.0100000000000002,3.6502763748168947,2.0100001250000004,0.008754539489746095
2.015,3.884093055725098,2.0150001250000003,0.003751945495605469
2.02,3.4711827468872074,2.020000125,-0.0012506484985351563
2.025,3.481132392883301,2.025000125,0.003751945495605469
2.0300000000000002,3.8343448257446293,2.0300001250000004,0.003751945495605469
2.035,3.5955533218383793,2.0350001250000003,0.008754539489746095
2.04,3.331887702941895,2.040000125,0.003751945495605469
2.045,3.7348483657836917,2.045000125,0.008754539489746095
2.05,3.7447980117797854,2.050000125,-0.006253242492675781
2.055,3.361736640930176,2.0550001250000003,0.003751945495605469
2.06,3.6303770828247073,2.060000125,0.01375713348388672
2.065,3.8641937637329105,2.065000125,0.01375713348388672
2.07,3.456258277893067,2.070000125,-0.0012506484985351563
2.075,3.4662079238891605,2.0750001250000003,0.003751945495605469
2.08,3.7995210647583013,2.080000125,0.01375713348388672
2.085,3.515956153869629,2.085000125,0.003751945495605469
2.09,3.1925926589965825,2.090000125,-0.0012506484985351563
2.095,3.5308806228637697,2.0950001250000003,0.003751945495605469
2.1,3.446308631896973,2.100000125,-0.0012506484985351563
2.105,2.918977394104004,2.105000125,-0.006253242492675781
2.11,3.038373146057129,2.110000125,0.008754539489746095
2.115,3.122945137023926,2.1150001250000003,0.003751945495605469
2.12,2.5458656692504884,2.1200001250000002,0.008754539489746095
2.125,2.3816965103149417,2.125000125,0.008754539489746095
2.13,2.565764961242676,2.130000125,0.008754539489746095
2.1350000000000002,2.137930183410645,2.1350001250000004,0.003751945495605469
2.14,1.725019874572754,2.1400001250000003,0.003751945495605469
2.145,1.963811378479004,2.145000125,0.003751945495605469
2.15,1.8195415115356448,2.150000125,0.003751945495605469
2.1550000000000002,1.3021599197387697,2.1550001250000004,0.008754539489746095
2.16,1.441454963684082,2.1600001250000003,0.008754539489746095
2.165,1.5708003616333008,2.165000125,0.003751945495605469
2.17,1.1081418228149416,2.170000125,0.003751945495605469
2.1750000000000003,1.0782928848266602,2.1750001250000004,0.01375713348388672
2.18,1.3817570877075196,2.1800001250000003,0.02376232147216797
2.185,1.1230662918090821,2.185000125,0.008754539489746095
2.19,0.8693503189086915,2.190000125,0.003751945495605469
2.195,1.2822606277465822,2.195000125,0.008754539489746095
2.2,1.3121095657348634,2.2000001250000003,0.003751945495605469
2.205,0.968846778869629,2.205000125,0.003751945495605469
2.21,1.2673361587524414,2.210000125,-0.0012506484985351563
2.215,1.5558758926391603,2.215000125,0.008754539489746095
2.22,1.2175879287719729,2.2200001250000003,0.008754539489746095
2.225,1.3121095657348634,2.225000125,-0.0012506484985351563
2.23,1.7498939895629884,2.230000125,0.003751945495605469
2.235,1.5708003616333008,2.235000125,0.01375713348388672
2.24,1.411606025695801,2.2400001250000003,0.003751945495605469
2.245,1.8941638565063479,2.2450001250000002,-0.0012506484985351563
2.25,1.968786201477051,2.250000125,-0.0012506484985351563
2.255,1.6553723526000979,2.255000125,0.003751945495605469
2.2600000000000002,1.9837106704711915,2.2600001250000004,0.003751945495605469
2.265,2.287174873352051,2.2650001250000003,0.003751945495605469
2.27,1.9488869094848635,2.270000125,0.008754539489746095
2.275,2.0185344314575198,2.275000125,0.003751945495605469
2.2800000000000002,2.441394386291504,2.2800001250000004,0.008754539489746095
2.285,2.247376289367676,2.2850001250000003,0.003751945495605469
2.29,2.0533581924438478,2.290000125,0.008754539489746095
2.295,2.5060670852661135,2.295000125,-0.0012506484985351563
2.3000000000000003,2.560790138244629,2.3000001250000004,-0.0012506484985351563
2.305,2.2374266433715824,2.3050001250000003,0.003751945495605469
2.31,2.5508404922485353,2.310000125,-0.0012506484985351563
2.315,2.8592795181274417,2.315000125,0.003751945495605469
2.32,2.49611743927002,2.320000125,-0.0012506484985351563
2.325,2.5707397842407227,2.3250001250000003,0.003751945495605469
2.33,2.9886249160766605,2.330000125,0.003751945495605469
2.335,2.7846571731567384,2.335000125,0.01375713348388672
2.34,2.565764961242676,2.340000125,0.003751945495605469
2.345,3.0184738540649416,2.3450001250000003,0.003751945495605469
2.35,3.0483227920532228,2.350000125,0.008754539489746095
2.355,2.6901355361938477,2.355000125,0.018759727478027344
2.36,2.968725624084473,2.360000125,0.008754539489746095
2.365,3.21249195098877,2.3650001250000003,0.003751945495605469
2.37,2.8145061111450196,2.3700001250000002,0.01375713348388672
2.375,2.8294305801391606,2.375000125,0.003751945495605469
2.38,3.1826430130004884,2.380000125,0.01375713348388672
2.3850000000000002,2.918977394104004,2.3850001250000004,0.003751945495605469
2.39,2.640387306213379,2.3900001250000003,0.003751945495605469
2.395,3.038373146057129,2.395000125,0.003751945495605469
2.4,3.0284235000610353,2.400000125,0.003751945495605469
2.4050000000000002,2.605563545227051,2.4050001250000004,0.01375713348388672
2.41,2.849329872131348,2.4100001250000003,0.008754539489746095
2.415,3.063247261047364,2.415000125,0.003751945495605469
2.42,2.605563545227051,2.420000125,-0.0012506484985351563
2.4250000000000003,2.5956138992309574,2.4250001250000004,-0.0012506484985351563
2.43,2.9538011550903325,2.4300001250000003,0.01375713348388672
2.435,2.685160713195801,2.435000125,-0.0012506484985351563
2.44,2.4165202713012697,2.440000125,0.008754539489746095
2.445,2.8294305801391606,2.445000125,0.003751945495605469
2.45,2.8294305801391606,2.4500001250000003,0.003751945495605469
2.455,2.446369209289551,2.455000125,0.01375713348388672
2.46,2.724959297180176,2.460000125,0.003751945495605469
2.465,2.968725624084473,2.465000125,0.008754539489746095
2.47,2.560790138244629,2.4700001250000003,0.003751945495605469
2.475,2.580689430236817,2.475000125,0.003751945495605469
2.48,2.9836500930786136,2.480000125,0.003751945495605469
2.485,2.769732704162598,2.485000125,0.008754539489746095
2.49,2.530941200256348,2.4900001250000003,0.003751945495605469
2.495,2.97370044708252,2.4950001250000002,0.01375713348388672
2.5,3.008524208068848,2.500000125,0.003751945495605469
2.505,2.6354124832153323,2.505000125,0.003751945495605469
2.5100000000000002,2.9488263320922856,2.5100001250000004,0.003751945495605469
2.515,3.207517127990723,2.5150001250000003,0.008754539489746095
2.52,2.8294305801391606,2.520000125,0.003751945495605469
2.525,2.8742039871215823,2.525000125,0.008754539489746095
2.5300000000000002,3.2622401809692385,2.5300001250000004,0.01375713348388672
2.535,3.033398323059082,2.5350001250000003,0.003751945495605469
2.54,2.8244557571411137,2.540000125,0.003751945495605469
2.545,3.252290534973145,2.545000125,-0.0012506484985351563
2.5500000000000003,3.282139472961426,2.5500001250000004,0.008754539489746095
2.555,2.9289270401000977,2.5550001250000003,0.003751945495605469
2.56,3.2274164199829105,2.560000125,0.008754539489746095
2.565,3.486107215881348,2.565000125,0.008754539489746095
2.57,3.083146553039551,2.570000125,0.008754539489746095
2.575,3.122945137023926,2.5750001250000003,0.008754539489746095
2.58,3.5109813308715823,2.580000125,0.003751945495605469
2.585,3.2672150039672854,2.585000125,-0.006253242492675781
2.59,3.0532976150512696,2.590000125,0.008754539489746095
2.595,3.486107215881348,2.5950001250000003,0.008754539489746095
2.6,3.5060065078735354,2.600000125,0.008754539489746095
2.605,3.1378696060180666,2.605000125,0.008754539489746095
2.61,3.4264093399047852,2.610000125,0.003751945495605469
2.615,3.6652008438110353,2.6150001250000003,0.003751945495605469
2.62,3.2572653579711917,2.6200001250000002,0.003751945495605469
2.625,3.282139472961426,2.625000125,0.008754539489746095
2.63,3.6552511978149416,2.630000125,0.003751945495605469
2.6350000000000002,3.4214345169067384,2.6350001250000004,-0.0012506484985351563
2.64,3.1726933670043946,2.6400001250000003,-0.0012506484985351563
2.645,3.5806288528442387,2.645000125,0.003751945495605469
2.65,3.5905784988403324,2.650000125,0.008754539489746095
2.6550000000000002,3.2025423049926762,2.6550001250000004,0.003751945495605469
2.66,3.4761575698852543,2.6600001250000003,0.008754539489746095
2.665,3.7099742507934574,2.665000125,0.003751945495605469
2.67,3.2920891189575197,2.670000125,0.008754539489746095
2.6750000000000003,3.3070135879516607,2.6750001250000004,-0.0012506484985351563
2.68,3.69007495880127,2.6800001250000003,0.003751945495605469
2.685,3.446308631896973,2.685000125,0.003751945495605469
2.69,3.1975674819946294,2.690000125,0.003751945495605469
2.695,3.600528144836426,2.695000125,-0.0012506484985351563
2.7,3.605502967834473,2.7000001250000003,0.008754539489746095
2.705,3.1975674819946294,2.705000125,-0.0012506484985351563
2.71,3.446308631896973,2.710000125,0.008754539489746095
2.715,3.635351905822754,2.715000125,-0.0012506484985351563
2.72,3.167718544006348,2.7200001250000003,0.003751945495605469
2.725,3.1080206680297855,2.725000125,-0.0012506484985351563
2.73,3.361736640930176,2.730000125,0.003751945495605469
2.735,2.9886249160766605,2.735000125,-0.0012506484985351563
2.74,2.5906390762329106,2.7400001250000003,0.01375713348388672
2.745,2.849329872131348,2.7450001250000002,0.008754539489746095
2.75,2.685160713195801,2.750000125,0.003751945495605469
2.755,2.103106422424317,2.755000125,0.003751945495605469
2.7600000000000002,2.202602882385254,2.7600001250000004,-0.0012506484985351563
2.765,2.25732593536377,2.7650001250000003,0.003751945495605469
2.77,1.6752716445922853,2.770000125,0.003751945495605469
2.775,1.531001777648926,2.775000125,0.003751945495605469
2.7800000000000002,1.7548688125610352,2.7800001250000004,0.008754539489746095
2.785,1.3618577957153322,2.7850001250000003,0.003751945495605469
2.79,1.0136201858520508,2.790000125,0.003751945495605469
2.795,1.327034034729004,2.795000125,0.008754539489746095
2.8000000000000003,1.2524116897583009,2.8000001250000004,0.003751945495605469
2.805,0.8295517349243164,2.8050001250000003,-0.0012506484985351563
2.81,1.048443946838379,2.810000125,0.003751945495605469
2.815,1.2673361587524414,2.815000125,0.008754539489746095
2.82,0.8594006729125977,2.820000125,0.003751945495605469
2.825,0.9041740798950196,2.8250001250000003,-0.0012506484985351563
2.83,1.2971850967407228,2.830000125,0.01375713348388672
2.835,1.088242530822754,2.835000125,0.003751945495605469
2.84,0.8942244338989258,2.840000125,-0.0012506484985351563
2.845,1.3568829727172853,2.8450001250000003,0.003751945495605469
2.85,1.4315053176879884,2.850000125,0.003751945495605469
2.855,1.128041114807129,2.855000125,0.008754539489746095
2.86,1.456379432678223,2.860000125,0.01375713348388672
2.865,1.7747681045532229,2.8650001250000003,0.008754539489746095
2.87,1.441454963684082,2.8700001250000002,0.003751945495605469
2.875,1.5459262466430665,2.875000125,0.003751945495605469
2.88,1.9787358474731447,2.880000125,-0.0012506484985351563
2.8850000000000002,1.7996422195434572,2.8850001250000004,0.008754539489746095
2.89,1.610598945617676,2.8900001250000003,0.008754539489746095
2.895,2.078232307434082,2.895000125,0.003751945495605469
2.9,2.132955360412598,2.900000125,-0.0012506484985351563
2.9050000000000002,1.8095918655395509,2.9050001250000004,0.008754539489746095
2.91,2.132955360412598,2.9100001250000003,0.01375713348388672
2.915,2.4314447402954102,2.915000125,0.008754539489746095
2.92,2.078232307434082,2.920000125,0.003751945495605469
2.9250000000000003,2.162804298400879,2.9250001250000004,0.003751945495605469
2.93,2.5906390762329106,2.9300001250000003,0.003751945495605469
2.935,2.3966209793090822,2.935000125,0.003751945495605469
2.94,2.222502174377442,2.940000125,-0.0012506484985351563
2.945,2.6951103591918946,2.945000125,0.008754539489746095
2.95,2.759783058166504,2.9500001250000003,-0.0012506484985351563
2.955,2.4165202713012697,2.955000125,0.003751945495605469
2.96,2.7448585891723636,2.960000125,-0.0012506484985351563
2.965,3.0234486770629885,2.965000125,0.003751945495605469
2.97,2.6553117752075197,2.9700001250000003,0.003751945495605469
2.975,2.7150096511840824,2.975000125,0.01375713348388672
2.98,3.098071022033692,2.980000125,0.003751945495605469
2.985,2.8692291641235355,2.985000125,0.003751945495605469
2.99,2.6204880142211917,2.9900001250000003,0.008754539489746095
2.995,3.043347969055176,2.9950001250000002,0.008754539489746095
3.0,3.0483227920532228,3.000000125,-0.006253242492675781
3.005,2.6602865982055666,3.005000125,0.008754539489746095
3.0100000000000002,2.914002571105957,3.0100001250000004,-0.0012506484985351563
3.015,3.1478192520141604,3.0150001250000003,0.008754539489746095
3.02,2.7150096511840824,3.020000125,0.008754539489746095
3.025,2.7050600051879887,3.025000125,0.003751945495605469
3.0300000000000002,3.043347969055176,3.0300001250000004,0.008754539489746095
3.035,2.759783058166504,3.0350001250000003,-0.006253242492675781
3.04,2.49611743927002,3.040000125,0.003751945495605469
3.045,2.8990781021118166,3.045000125,0.003751945495605469
3.0500000000000003,2.8742039871215823,3.0500001250000004,0.003751945495605469
3.055,2.461293678283692,3.0550001250000003,-0.0012506484985351563
3.06,2.724959297180176,3.060000125,-0.0012506484985351563
3.065,2.9488263320922856,3.065000125,0.01375713348388672
3.0700000000000003,2.520991554260254,3.0700001250000004,0.008754539489746095
3.075,2.5458656692504884,3.0750001250000003,-0.0012506484985351563
3.08,2.914002571105957,3.080000125,0.008754539489746095
3.085,2.6652614212036134,3.085000125,0.008754539489746095
3.09,2.4314447402954102,3.090000125,0.003751945495605469
3.095,2.8642543411254886,3.0950001250000003,0.008754539489746095
3.1,2.879178810119629,3.100000125,0.01375713348388672
3.105,2.5010922622680667,3.105000125,0.008754539489746095
3.11,2.8095312881469727,3.110000125,0.003751945495605469
3.115,3.0731969070434575,3.1150001250000003,0.01375713348388672
3.12,2.680185890197754,3.1200001250000002,0.01375713348388672
3.125,2.73490894317627,3.125000125,0.003751945495605469
3.13,3.117970314025879,3.130000125,0.003751945495605469
3.1350000000000002,2.884153633117676,3.1350001250000004,0.003751945495605469
3.14,2.6602865982055666,3.1400001250000003,0.003751945495605469
3.145,3.1030458450317386,3.145000125,-0.0012506484985351563
3.15,3.1428444290161135,3.150000125,0.003751945495605469
3.1550000000000002,2.7796823501586916,3.1550001250000004,-0.0012506484985351563
3.16,3.083146553039551,3.1600001250000003,-0.0012506484985351563
3.165,3.3418373489379887,3.165000125,0.003751945495605469
3.17,2.9538011550903325,3.170000125,0.008754539489746095
3.1750000000000003,3.003549385070801,3.1750001250000004,0.008754539489746095
3.18,3.401535224914551,3.1800001250000003,0.003751945495605469
3.185,3.162743721008301,3.185000125,0.008754539489746095
3.19,2.9488263320922856,3.190000125,0.008754539489746095
3.1950000000000003,3.3816359329223635,3.1950001250000004,0.003751945495605469
3.2,3.406510047912598,3.2000001250000003,-0.0012506484985351563
3.205,3.033398323059082,3.205000125,-0.0012506484985351563
3.21,3.326912879943848,3.210000125,-0.0012506484985351563
3.215,3.5806288528442387,3.215000125,0.003751945495605469
3.22,3.1776681900024415,3.2200001250000003,0.008754539489746095
3.225,3.207517127990723,3.225000125,0.008754539489746095
3.23,3.5905784988403324,3.230000125,0.003751945495605469
3.235,3.3468121719360355,3.235000125,0.008754539489746095
3.24,3.1129954910278324,3.2400001250000003,0.008754539489746095
3.245,3.5458050918579103,3.2450001250000002,-0.0012506484985351563
3.25,3.5607295608520513,3.250000125,0.003751945495605469
3.255,3.1776681900024415,3.255000125,-0.0012506484985351563
3.2600000000000002,3.481132392883301,3.2600001250000004,0.008754539489746095
3.265,3.7099742507934574,3.2650001250000003,0.008754539489746095
3.27,3.287114295959473,3.270000125,0.003751945495605469
3.275,3.3169632339477544,3.275000125,0.003751945495605469
3.2800000000000002,3.6801253128051763,3.2800001250000004,0.01375713348388672
3.285,3.4363589859008794,3.2850001250000003,-0.0012506484985351563
3.29,3.1826430130004884,3.290000125,-0.0012506484985351563
3.295,3.600528144836426,3.295000125,0.008754539489746095
3.3000000000000003,3.605502967834473,3.3000001250000004,0.008754539489746095
3.305,3.207517127990723,3.3050001250000003,0.01375713348388672
3.31,3.491082038879395,3.310000125,0.003751945495605469
3.315,3.7000246047973637,3.315000125,0.008754539489746095
3.3200000000000003,3.2721898269653322,3.3200001250000004,0.008754539489746095
3.325,3.3020387649536134,3.3250001250000003,0.003751945495605469
3.33,3.6701756668090826,3.330000125,0.008754539489746095
3.335,3.4114848709106447,3.335000125,0.008754539489746095
3.34,3.1726933670043946,3.340000125,0.008754539489746095
3.345,3.605502967834473,3.3450001250000003,0.01375713348388672
3.35,3.5856036758422856,3.350000125,0.003751945495605469
3.355,3.2025423049926762,3.355000125,0.008754539489746095
3.36,3.481132392883301,3.360000125,0.003751945495605469
3.365,3.69007495880127,3.3650001250000003,0.003751945495605469
3.37,3.2323912429809574,3.3700001250000002,-0.006253242492675781
3.375,3.217466773986817,3.375000125,0.003751945495605469
3.38,3.515956153869629,3.380000125,0.003751945495605469
3.3850000000000002,3.162743721008301,3.3850001250000004,0.008754539489746095
3.39,2.8194809341430664,3.3900001250000003,0.01375713348388672
3.395,3.088121376037598,3.395000125,-0.0012506484985351563
3.4,2.9438515090942388,3.400000125,0.008754539489746095
3.4050000000000002,2.376721687316895,3.4050001250000004,0.003751945495605469
3.41,2.4762181472778324,3.4100001250000003,0.003751945495605469
3.415,2.5060670852661135,3.415000125,0.008754539489746095
3.42,1.8991386795043947,3.420000125,0.003751945495605469
3.4250000000000003,1.7548688125610352,3.4250001250000004,0.008754539489746095
3.43,1.9339624404907227,3.4300001250000003,0.008754539489746095
3.435,1.5061276626586915,3.435000125,0.003751945495605469
3.44,1.1330159378051758,3.440000125,0.008754539489746095
3.4450000000000003,1.406631202697754,3.4450001250000004,0.008754539489746095
3.45,1.287235450744629,3.4500001250000003,0.003751945495605469
3.455,0.8146272659301759,3.455000125,0.003751945495605469
3.46,1.008645362854004,3.460000125,0.008754539489746095
3.465,1.1578900527954104,3.465000125,0.008754539489746095
3.47,0.7051811599731446,3.4700001250000003,0.003751945495605469
3.475,0.7101559829711914,3.475000125,0.008754539489746095
3.48,1.0733180618286133,3.480000125,0.008754539489746095
3.485,0.8395013809204103,3.485000125,0.01375713348388672
3.49,0.6206091690063477,3.4900001250000003,0.008754539489746095
3.495,1.0733180618286133,3.4950001250000002,0.01375713348388672
3.5,1.1131166458129884,3.500000125,0.008754539489746095
3.505,0.8046776199340822,3.505000125,0.008754539489746095
3.5100000000000002,1.1379907608032227,3.5100001250000004,0.003751945495605469
3.515,1.4265304946899415,3.5150001250000003,0.008754539489746095
3.52,1.088242530822754,3.520000125,0.008754539489746095
3.525,1.1877389907836915,3.525000125,0.003751945495605469
3.5300000000000002,1.6155737686157228,3.5300001250000004,0.01375713348388672
3.535,1.4364801406860352,3.5350001250000003,0.003751945495605469
3.54,1.2772858047485354,3.540000125,0.018759727478027344
3.545,1.7598436355590823,3.545000125,0.008754539489746095
3.5500000000000003,1.8195415115356448,3.5500001250000004,0.003751945495605469
3.555,1.4961780166625978,3.5550001250000003,-0.0012506484985351563
3.56,1.8294911575317385,3.560000125,0.003751945495605469
3.565,2.103106422424317,3.565000125,0.008754539489746095
3.5700000000000003,1.7548688125610352,3.5700001250000004,0.008754539489746095
3.575,1.8245163345336917,3.5750001250000003,0.003751945495605469
3.58,2.247376289367676,3.580000125,0.008754539489746095
3.585,2.0533581924438478,3.585000125,0.003751945495605469
3.59,1.8941638565063479,3.590000125,-0.0012506484985351563
3.595,2.3617972183227542,3.5950001250000003,-0.0012506484985351563
3.6,2.411545448303223,3.600000125,-0.0012506484985351563
3.605,2.093156776428223,3.605000125,0.003751945495605469
3.61,2.4314447402954102,3.610000125,0.003751945495605469
3.615,2.729934120178223,3.6150001250000003,0.003751945495605469
3.62,2.366772041320801,3.6200001250000002,0.008754539489746095
3.625,2.436419563293457,3.625000125,0.008754539489746095
3.63,2.8592795181274417,3.630000125,0.008754539489746095
3.6350000000000002,2.610538368225098,3.6350001250000004,0.008754539489746095
3.64,2.4214950942993165,3.6400001250000003,0.018759727478027344
3.645,2.8592795181274417,3.645000125,0.003751945495605469
3.65,2.8692291641235355,3.650000125,0.003751945495605469
3.6550000000000002,2.4712433242797855,3.6550001250000004,-0.0012506484985351563
3.66,2.7498334121704104,3.6600001250000003,0.008754539489746095
3.665,2.97370044708252,3.665000125,0.008754539489746095
3.67,2.5359160232543947,3.670000125,0.008754539489746095
3.6750000000000003,2.530941200256348,3.6750001250000004,-0.0012506484985351563
3.68,2.889128456115723,3.6800001250000003,0.003751945495605469
3.685,2.5906390762329106,3.685000125,0.003751945495605469
3.69,2.3568223953247074,3.690000125,0.008754539489746095
3.6950000000000003,2.7548082351684573,3.6950001250000004,0.008754539489746095
3.7,2.7150096511840824,3.7000001250000003,0.01375713348388672
3.705,2.3020993423461915,3.705000125,0.008754539489746095
3.71,2.5508404922485353,3.710000125,0.008754539489746095
3.715,2.7796823501586916,3.715000125,0.003751945495605469
3.72,2.341897926330567,3.7200001250000003,0.003751945495605469
3.725,2.3568223953247074,3.725000125,0.008754539489746095
3.73,2.729934120178223,3.730000125,-0.0012506484985351563
3.735,2.4662685012817387,3.735000125,0.003751945495605469
3.74,2.2623007583618167,3.7400001250000003,-0.0012506484985351563
3.745,2.700085182189942,3.7450001250000002,0.003751945495605469
